gs_timestamp;timestamp;received_packets_qty;rssi;satellites;longitude;latitude;altitude;temperature;pressure;humidity
2019-06-13 14:44:56.051516;431430;77;-57;5;21.065939;52.503902;73;438;100098.96;22
2019-06-13 14:45:01.051097;436438;78;-52;5;21.065939;52.503910;73;442;100100.52;23
2019-06-13 14:45:06.051725;441447;79;-62;5;21.065941;52.503910;73;443;100102.73;22
2019-06-13 14:45:11.052352;446456;80;-58;5;21.065950;52.503910;74;446;100099.06;21
2019-06-13 14:45:16.050985;451463;81;-59;5;21.065956;52.503910;74;446;100102.73;21
2019-06-13 14:45:20.752933;456173;82;-64;6;21.065966;52.503918;76;446;100102.09;21
2019-06-13 14:45:25.754557;461183;83;-61;6;21.065958;52.503906;76;449;100097.92;21
2019-06-13 14:45:30.754188;466193;84;-53;6;21.065958;52.503899;76;450;100100.20;21
2019-06-13 14:45:35.754823;471201;85;-57;6;21.065968;52.503902;80;449;100099.28;21
2019-06-13 14:45:40.752451;476209;86;-54;6;21.065968;52.503906;80;446;100093.83;21
2019-06-13 14:45:45.753130;481219;87;-52;6;21.065968;52.503906;80;445;100101.08;22
2019-06-13 14:45:50.753706;486228;88;-56;6;21.065968;52.503906;80;447;100099.34;21
2019-06-13 14:45:55.753336;491237;89;-55;6;21.065968;52.503906;81;451;100103.02;20
2019-06-13 14:46:00.753964;496247;90;-51;6;21.065968;52.503906;81;450;100108.08;20
2019-06-13 14:46:05.753593;501256;91;-63;6;21.065966;52.503914;82;452;100105.34;20
2019-06-13 14:46:10.754221;506265;92;-60;6;21.065966;52.503914;82;452;100106.80;21
2019-06-13 14:46:15.753856;511275;93;-57;6;21.065966;52.503914;82;448;100103.39;21
2019-06-13 14:46:20.753481;516283;94;-73;6;21.065966;52.503914;82;442;100097.09;21
2019-06-13 14:46:25.753111;521292;95;-51;6;21.065960;52.503910;82;441;100098.91;21
2019-06-13 14:46:30.754736;526304;96;-45;6;21.065960;52.503910;82;442;100103.36;21
2019-06-13 14:46:35.753368;531311;97;-52;6;21.065962;52.503910;83;440;100095.50;21
2019-06-13 14:46:40.753996;536320;98;-49;6;21.065962;52.503910;83;442;100098.88;22
2019-06-13 14:46:45.754624;541331;99;-54;6;21.065962;52.503910;83;436;100098.09;22
2019-06-13 14:46:50.755251;546342;100;-50;6;21.065962;52.503910;83;432;100100.80;22
2019-06-13 14:46:55.756875;551352;101;-55;6;21.065962;52.503910;83;432;100100.73;22
2019-06-13 14:47:00.754511;556360;102;-58;6;21.065960;52.503899;82;430;100100.69;22
2019-06-13 14:47:05.756136;561371;103;-64;6;21.065960;52.503899;82;427;100096.97;22
2019-06-13 14:47:10.754782;566379;104;-72;6;21.065960;52.503899;82;426;100100.62;22
2019-06-13 14:47:15.755396;571389;105;-61;6;21.065964;52.503902;83;425;100104.11;22
2019-06-13 14:47:20.755026;576398;106;-56;6;21.065964;52.503902;83;426;100098.02;23
2019-06-13 14:47:25.754661;581407;107;-54;6;21.065964;52.503902;83;425;100093.02;23
2019-06-13 14:47:30.755284;586417;108;-57;6;21.065964;52.503902;83;428;100102.05;24
2019-06-13 14:47:35.752919;591424;109;-55;5;21.065964;52.503902;83;431;100105.17;24
2019-06-13 14:47:40.753547;596434;110;-57;6;21.065960;52.503899;83;431;100102.22;23
gs_timestamp;timestamp;received_packets_qty;rssi;satellites;longitude;latitude;altitude;temperature;pressure;humidity
2019-06-13 14:47:50.752902;606454;112;-50;6;21.065962;52.503906;84;432;100090.20;23
2019-06-13 14:47:55.752532;611463;113;-52;6;21.065956;52.503902;85;424;100093.20;24
2019-06-13 14:48:00.752162;616472;114;-45;6;21.065958;52.503902;86;428;100093.22;24
2019-06-13 14:48:05.753787;621482;115;-53;6;21.065968;52.503902;87;430;100098.44;25
2019-06-13 14:48:10.753417;626493;116;-54;6;21.065968;52.503895;88;429;100100.81;24
2019-06-13 14:48:15.754045;631503;117;-53;6;21.065968;52.503895;89;428;100108.08;27
2019-06-13 14:48:20.753675;636512;118;-58;6;21.065971;52.503910;90;426;100104.87;24
2019-06-13 14:48:25.755299;641523;119;-59;6;21.065952;52.503937;90;426;100100.34;24
2019-06-13 14:48:30.755958;646534;120;-55;6;21.065945;52.503979;91;427;100101.34;23
2019-06-13 14:48:35.754592;651542;121;-67;6;21.065968;52.504036;93;428;100112.09;24
2019-06-13 14:48:40.753225;656550;122;-63;6;21.065981;52.504078;94;428;100111.06;23
2019-06-13 14:48:45.755846;661562;123;-71;6;21.065983;52.504086;94;425;100115.57;23
2019-06-13 14:48:50.755444;666572;124;-62;6;21.065985;52.504093;94;425;100109.55;23
2019-06-13 14:48:55.754077;671580;125;-57;6;21.065989;52.504112;93;420;100108.53;23
2019-06-13 14:49:00.754705;676590;126;-67;6;21.065994;52.504128;94;420;100104.88;23
2019-06-13 14:49:05.754385;681600;127;-65;6;21.065990;52.504131;94;422;100110.48;23
2019-06-13 14:49:10.753355;686608;128;-60;6;21.065994;52.504124;94;422;100109.66;23
2019-06-13 14:49:15.754624;691619;129;-67;6;21.065996;52.504124;94;422;100106.35;24
2019-06-13 14:49:20.756218;696629;130;-61;6;21.065996;52.504124;94;423;100111.48;23
2019-06-13 14:49:25.754899;701638;131;-60;6;21.065996;52.504120;95;425;100109.42;23
2019-06-13 14:49:30.754592;706648;132;-61;6;21.066002;52.504108;95;421;100107.75;23
2019-06-13 14:49:35.753145;711654;133;-82;6;21.065996;52.504108;95;420;100110.38;23
2019-06-13 14:49:40.753740;716664;134;-60;6;21.065987;52.504147;95;420;100107.36;23
2019-06-13 14:49:45.752491;721673;135;-57;6;21.065989;52.504124;96;419;100091.78;23
2019-06-13 14:49:50.753997;726682;136;-58;6;21.065952;52.504093;97;415;99993.07;23
2019-06-13 14:49:55.755622;731694;137;-55;6;21.065773;52.504154;99;413;99919.34;24
2019-06-13 14:50:00.758765;736706;138;-73;6;21.065519;52.504265;102;410;99858.35;24
2019-06-13 14:50:05.758411;741714;139;-65;6;21.065254;52.504372;103;408;99818.64;24
2019-06-13 14:50:10.759055;746724;140;-79;6;21.065041;52.504486;105;407;99753.83;24
2019-06-13 14:50:15.759121;751734;141;-79;6;21.064875;52.504642;108;406;99674.80;24
2019-06-13 14:50:20.758439;756742;142;-87;6;21.064655;52.504822;112;403;99605.61;24
2019-06-13 14:50:25.758069;761751;143;-82;6;21.064383;52.504990;115;403;99568.58;24
2019-06-13 14:50:30.759614;766761;144;-92;6;21.064114;52.505154;118;402;99516.90;24
2019-06-13 14:50:35.757251;771768;145;-75;6;21.063847;52.505318;121;401;99461.72;24
2019-06-13 14:50:40.756848;776777;146;-77;6;21.063589;52.505493;125;399;99412.03;25
2019-06-13 14:50:45.758472;781786;147;-72;6;21.063383;52.505688;129;399;99368.41;25
2019-06-13 14:50:50.760129;786798;148;-77;6;21.063189;52.505905;132;399;99331.58;25
2019-06-13 14:50:55.764745;791811;149;-76;6;21.062929;52.506111;136;395;99284.25;25
2019-06-13 14:51:00.758395;796813;150;-75;6;21.062687;52.506298;141;394;99227.11;25
2019-06-13 14:51:05.757991;801821;151;-78;6;21.062475;52.506477;144;395;99187.67;25
2019-06-13 14:51:10.758650;806830;152;-79;6;21.062269;52.506660;148;394;99141.11;25
2019-06-13 14:51:15.758359;811840;153;-91;6;21.062084;52.506844;152;394;99087.31;25
2019-06-13 14:51:20.760981;816851;154;-75;6;21.061907;52.507030;157;394;99029.39;25
2019-06-13 14:51:25.758609;821857;155;-73;6;21.061718;52.507225;161;392;98965.16;25
2019-06-13 14:51:30.760169;826867;156;-86;6;21.061537;52.507423;165;393;98886.80;25
2019-06-13 14:51:35.759760;831875;157;-77;6;21.061356;52.507595;169;391;98804.20;25
2019-06-13 14:51:40.757396;836882;158;-76;6;21.061142;52.507797;174;391;98718.84;25
2019-06-13 14:51:45.758023;841891;159;-72;6;21.060934;52.507992;179;390;98677.54;25
2019-06-13 14:51:50.758651;846901;160;-78;6;21.060755;52.508194;184;389;98620.06;26
2019-06-13 14:51:55.758281;851909;161;-85;6;21.060610;52.508423;189;388;98561.18;26
2019-06-13 14:52:00.758908;856918;162;-77;6;21.060478;52.508648;195;387;98495.22;26
2019-06-13 14:52:05.757541;861926;163;-74;6;21.060322;52.508865;199;387;98445.59;26
2019-06-13 14:52:10.759166;866936;164;-74;6;21.060184;52.509083;204;387;98391.12;26
2019-06-13 14:52:15.759793;871946;165;-92;6;21.060034;52.509331;210;387;98325.09;26
2019-06-13 14:52:20.757429;876955;166;-93;6;21.059843;52.509552;216;385;98256.24;26
2019-06-13 14:52:25.760055;881966;167;-81;6;21.059628;52.509769;221;385;98175.80;26
2019-06-13 14:52:30.760679;886977;168;-86;6;21.059435;52.509979;227;384;98094.03;26
2019-06-13 14:52:35.758313;891986;169;-80;6;21.059284;52.510216;233;384;97974.57;26
2019-06-13 14:52:40.758941;896997;170;-81;6;21.059111;52.510422;240;384;97880.89;26
2019-06-13 14:52:45.756576;902007;171;-80;5;21.058937;52.510643;247;385;97798.68;26
2019-06-13 14:52:50.760621;907022;172;-85;6;21.058750;52.510853;255;384;97699.97;26
2019-06-13 14:52:55.759254;912032;173;-93;6;21.058577;52.511059;265;385;97598.33;26
2019-06-13 14:53:00.759882;917045;174;-81;6;21.058380;52.511284;275;384;97483.30;26
2019-06-13 14:53:05.759512;922056;175;-71;6;21.058189;52.511532;283;382;97390.98;26
2019-06-13 14:53:10.760141;927069;176;-84;6;21.058018;52.511799;292;381;97306.94;26
2019-06-13 14:53:15.760767;932083;177;-77;6;21.057880;52.512070;301;380;97217.70;26
2019-06-13 14:53:20.758402;937093;178;-75;6;21.057676;52.512321;308;380;97139.69;26
2019-06-13 14:53:25.760027;942107;179;-75;6;21.057491;52.512585;315;380;97057.34;26
2019-06-13 14:53:30.760655;947121;180;-77;6;21.057310;52.512875;323;378;96974.94;26
2019-06-13 14:53:35.759287;952133;181;-74;6;21.057127;52.513157;329;376;96877.62;27
2019-06-13 14:53:40.757920;957145;182;-85;6;21.056973;52.513432;335;375;96803.73;27
2019-06-13 14:53:45.758547;962158;183;-73;6;21.056799;52.513721;342;376;96735.53;27
2019-06-13 14:53:50.763164;967173;184;-82;7;21.056673;52.514004;351;376;96688.56;27
2019-06-13 14:53:55.761797;972185;185;-77;7;21.056555;52.514286;360;375;96651.23;27
2019-06-13 14:54:00.764422;977198;186;-77;7;21.056416;52.514584;368;374;96587.82;27
2019-06-13 14:54:05.763052;982207;187;-82;7;21.056286;52.514885;376;375;96546.89;27
2019-06-13 14:54:10.762682;987217;188;-85;7;21.056128;52.515190;383;374;96488.32;27
2019-06-13 14:54:15.762312;992227;189;-84;7;21.055979;52.515491;392;375;96459.42;27
2019-06-13 14:54:20.763952;997237;190;-83;7;21.055889;52.515793;400;373;96395.22;27
2019-06-13 14:54:25.761572;1002245;191;-82;7;21.055826;52.516098;408;374;96347.09;27
2019-06-13 14:54:30.763197;1007256;192;-80;7;21.055744;52.516399;412;371;96307.41;27
2019-06-13 14:54:35.763825;1012265;193;-96;7;21.055658;52.516716;417;372;96290.95;27
2019-06-13 14:54:40.762477;1017275;194;-90;7;21.055544;52.517029;421;371;96276.94;27
2019-06-13 14:54:45.763085;1022285;195;-83;7;21.055466;52.517376;423;371;96261.70;27
2019-06-13 14:54:50.763712;1027294;196;-91;7;21.055462;52.517784;444;372;96268.08;27
2019-06-13 14:54:55.761361;1032302;197;-81;6;21.055359;52.518101;448;372;96285.33;27
2019-06-13 14:55:00.760978;1037311;198;-89;6;21.055237;52.518398;449;372;96271.70;27
2019-06-13 14:55:05.760624;1042320;199;-83;6;21.055111;52.518688;449;372;96272.09;27
2019-06-13 14:55:10.761235;1047330;200;-93;6;21.054989;52.518967;449;370;96266.91;27
2019-06-13 14:55:15.759868;1052338;201;-87;6;21.054873;52.519257;449;371;96262.91;27
2019-06-13 14:55:20.759498;1057348;202;-95;6;21.054770;52.519539;449;371;96277.33;27
2019-06-13 14:55:25.761123;1062359;203;-101;6;21.054642;52.519817;448;372;96293.34;27
2019-06-13 14:55:30.761750;1067369;204;-90;6;21.054514;52.520088;448;373;96315.01;27
2019-06-13 14:55:35.760383;1072377;205;-97;6;21.054373;52.520363;448;374;96316.61;27
2019-06-13 14:55:40.760013;1077387;206;-87;6;21.054264;52.520657;448;370;96307.00;27
2019-06-13 14:55:45.761638;1082396;207;-104;6;21.054190;52.520947;448;371;96305.39;27
2019-06-13 14:55:50.761268;1087405;208;-107;6;21.054119;52.521225;447;370;96313.81;27
2019-06-13 14:55:55.759901;1092414;209;-80;6;21.054064;52.521500;447;371;96313.42;27
2019-06-13 14:56:00.761526;1097423;210;-95;6;21.054014;52.521767;447;370;96311.81;27
2019-06-13 14:56:05.759161;1102431;211;-83;6;21.053970;52.522041;447;371;96300.19;27
2019-06-13 14:56:10.760786;1107441;212;-78;6;21.053930;52.522308;448;371;96301.39;27
2019-06-13 14:56:15.760416;1112449;213;-89;6;21.053892;52.522564;448;372;96288.94;27
2019-06-13 14:56:20.760046;1117458;214;-79;6;21.053827;52.522827;449;372;96280.91;27
2019-06-13 14:56:25.760674;1122467;215;-78;6;21.053759;52.523083;450;373;96254.44;26
2019-06-13 14:56:30.761332;1127477;216;-81;6;21.053724;52.523342;452;372;96225.97;27
2019-06-13 14:56:35.759965;1132484;217;-80;6;21.053684;52.523605;453;372;96192.70;27
2019-06-13 14:56:40.760592;1137494;218;-81;6;21.053648;52.523869;454;372;96164.20;27
2019-06-13 14:56:45.760191;1142502;219;-90;6;21.053617;52.524128;456;372;96120.10;27
2019-06-13 14:56:50.760819;1147512;220;-85;6;21.053595;52.524372;458;372;96065.57;27
2019-06-13 14:56:55.759452;1152519;221;-98;6;21.053526;52.524643;460;372;96028.25;27
2019-06-13 14:57:00.761076;1157530;222;-81;6;21.053429;52.524925;462;372;96016.23;27
2019-06-13 14:57:05.759709;1162537;223;-80;6;21.053329;52.525223;465;373;95986.47;26
2019-06-13 14:57:10.758342;1167544;224;-96;5;21.053244;52.525517;468;373;95962.03;26
2019-06-13 14:57:15.759966;1172553;225;-81;6;21.053169;52.525799;470;373;95937.94;26
2019-06-13 14:57:20.759629;1177561;226;-83;6;21.053101;52.526085;471;376;95923.19;26
2019-06-13 14:57:25.760256;1182570;227;-94;6;21.053022;52.526363;472;375;95901.63;26
2019-06-13 14:57:30.760884;1187579;228;-86;6;21.052954;52.526630;474;375;95880.00;26
2019-06-13 14:57:35.759517;1192587;229;-87;6;21.052889;52.526894;476;375;95877.57;26
2019-06-13 14:57:40.759147;1197595;230;-100;6;21.052835;52.527168;478;375;95860.76;26
2019-06-13 14:57:45.759774;1202604;231;-85;6;21.052784;52.527443;480;376;95832.17;26
2019-06-13 14:57:50.760402;1207613;232;-85;6;21.052719;52.527714;482;377;95801.16;26
2019-06-13 14:57:55.760032;1212621;233;-88;6;21.052652;52.527985;485;376;95755.45;26
2019-06-13 14:58:00.758665;1217628;234;-83;5;21.052588;52.528252;488;379;95721.86;25
2019-06-13 14:58:05.759292;1222637;235;-84;6;21.052526;52.528511;492;381;95656.88;25
2019-06-13 14:58:10.759927;1227645;236;-85;6;21.052439;52.528763;495;383;95611.22;25
2019-06-13 14:58:15.760547;1232654;237;-85;6;21.052347;52.528996;499;385;95555.88;25
2019-06-13 14:58:20.759180;1237662;238;-91;6;21.052254;52.529217;504;387;95493.62;25
2019-06-13 14:58:25.759807;1242671;239;-86;6;21.052176;52.529442;510;388;95416.09;24
2019-06-13 14:58:30.760434;1247679;240;-85;6;21.052111;52.529678;517;388;95332.64;24
2019-06-13 14:58:35.759067;1252686;241;-85;6;21.052032;52.529919;522;391;95275.25;24
2019-06-13 14:58:40.758698;1257694;242;-88;6;21.051966;52.530159;527;387;95196.02;24
2019-06-13 14:58:45.759325;1262702;243;-93;6;21.051901;52.530388;531;390;95129.40;24
2019-06-13 14:58:50.760960;1267712;244;-84;6;21.051857;52.530617;536;394;95065.89;24
2019-06-13 14:58:55.760580;1272720;245;-84;6;21.051821;52.530849;539;396;95015.77;23
2019-06-13 14:59:00.760210;1277727;246;-83;6;21.051794;52.531078;543;394;94958.88;23
2019-06-13 14:59:05.760837;1282735;247;-82;6;21.051764;52.531303;547;392;94911.80;24
2019-06-13 14:59:10.761465;1287744;248;-103;6;21.051729;52.531528;550;391;94868.45;24
2019-06-13 14:59:15.760097;1292750;249;-85;6;21.051716;52.531776;555;393;94814.47;24
2019-06-13 14:59:20.759727;1297757;250;-84;6;21.051676;52.532032;561;391;94774.32;24
2019-06-13 14:59:25.757363;1302764;251;-112;5;21.051636;52.532284;566;394;94727.03;23
2019-06-13 14:59:30.759985;1307775;252;-88;6;21.051590;52.532528;570;395;94677.67;23
2019-06-13 14:59:35.759615;1312782;253;-84;6;21.051550;52.532772;574;398;94637.16;23
2019-06-13 14:59:40.759245;1317790;254;-83;6;21.051519;52.533005;578;397;94595.64;23
2019-06-13 14:59:45.760870;1322799;255;-88;6;21.051491;52.533237;582;401;94542.73;23
2019-06-13 14:59:50.761497;1327807;256;-81;6;21.051472;52.533463;586;400;94505.45;23
2019-06-13 14:59:55.761128;1332816;257;-85;6;21.051430;52.533672;589;400;94468.34;23
2019-06-13 15:00:00.760758;1337824;258;-103;6;21.051384;52.533882;593;398;94440.23;23
2019-06-13 15:00:05.759391;1342831;259;-84;6;21.051355;52.534111;597;403;94391.59;22
2019-06-13 15:00:10.760018;1347840;260;-80;6;21.051308;52.534370;601;399;94366.54;22
2019-06-13 15:00:15.759648;1352848;261;-82;6;21.051275;52.534630;604;399;94354.77;23
2019-06-13 15:00:20.760276;1357857;262;-84;6;21.051229;52.534870;607;397;94343.19;23
2019-06-13 15:00:25.762897;1362868;263;-82;6;21.051208;52.535103;610;398;94314.55;23
2019-06-13 15:00:30.761531;1367874;264;-82;6;21.051174;52.535336;612;397;94298.44;23
2019-06-13 15:00:35.760164;1372881;265;-80;6;21.051147;52.535591;614;397;94276.98;23
2019-06-13 15:00:40.759794;1377889;266;-104;6;21.051115;52.535851;617;394;94263.18;23
2019-06-13 15:00:45.760440;1382898;267;-94;6;21.051090;52.536098;619;398;94248.19;23
2019-06-13 15:00:50.761048;1387907;268;-93;6;21.051060;52.536343;621;395;94219.56;23
2019-06-13 15:00:55.759689;1392914;269;-80;6;21.051029;52.536591;624;397;94199.38;23
2019-06-13 15:01:00.761306;1397923;270;-83;6;21.050987;52.536850;628;395;94174.34;23
2019-06-13 15:01:05.759939;1402931;271;-101;6;21.050957;52.537102;631;394;94125.38;23
2019-06-13 15:01:10.760566;1407940;272;-84;6;21.050949;52.537354;634;394;94093.45;23
2019-06-13 15:01:15.761224;1412949;273;-83;6;21.050957;52.537601;636;392;94079.25;23
2019-06-13 15:01:20.761854;1417958;274;-82;6;21.050949;52.537846;639;395;94044.50;23
2019-06-13 15:01:25.760468;1422965;275;-81;6;21.050953;52.538094;642;396;94007.55;23
2019-06-13 15:01:30.761107;1427975;276;-97;6;21.050962;52.538338;646;391;93954.37;23
2019-06-13 15:01:35.759728;1432982;277;-96;6;21.050993;52.538555;649;390;93912.80;23
2019-06-13 15:01:40.760355;1437991;278;-102;6;21.050991;52.538765;652;388;93883.47;24
2019-06-13 15:01:45.759986;1442999;279;-88;6;21.050961;52.538986;655;389;93837.17;24
2019-06-13 15:01:50.760629;1448009;280;-82;6;21.050909;52.539207;659;392;93793.14;23
2019-06-13 15:01:55.760243;1453018;281;-99;6;21.050844;52.539413;663;393;93721.75;23
2019-06-13 15:02:00.758262;1458027;282;-89;6;21.050793;52.539616;667;388;93681.75;24
2019-06-13 15:02:05.760488;1463035;283;-95;6;21.050749;52.539864;673;387;93607.92;24
2019-06-13 15:02:10.761384;1468044;284;-88;6;21.050690;52.540127;677;386;93558.91;24
2019-06-13 15:02:15.762031;1473053;285;-83;6;21.050621;52.540375;681;384;93519.96;24
2019-06-13 15:02:20.760676;1478060;286;-85;6;21.050528;52.540607;685;383;93466.69;24
2019-06-13 15:02:25.761287;1483068;287;-86;6;21.050442;52.540855;691;387;93395.29;24
2019-06-13 15:02:30.761932;1488077;288;-92;6;21.050369;52.541092;696;382;93324.06;24
2019-06-13 15:02:35.760564;1493084;289;-85;6;21.050295;52.541336;701;384;93263.05;24
2019-06-13 15:02:40.760274;1498093;290;-87;6;21.050205;52.541607;708;382;93192.70;25
2019-06-13 15:02:45.761787;1503102;291;-88;6;21.050129;52.541866;715;384;93141.31;24
2019-06-13 15:02:50.761450;1508110;292;-93;6;21.050049;52.542110;721;387;93085.23;24
2019-06-13 15:02:55.761048;1513118;293;-85;6;21.049973;52.542362;728;391;93028.97;24
2019-06-13 15:03:00.761708;1518127;294;-89;6;21.049875;52.542610;733;389;92977.08;24
2019-06-13 15:03:05.760307;1523135;295;-86;6;21.049774;52.542870;739;390;92914.48;24
2019-06-13 15:03:10.761991;1528144;296;-82;6;21.049662;52.543106;744;386;92844.37;24
2019-06-13 15:03:15.760593;1533153;297;-87;6;21.049549;52.543339;748;385;92782.41;24
2019-06-13 15:03:20.760225;1538161;298;-83;6;21.049437;52.543579;753;383;92711.19;24
2019-06-13 15:03:25.760855;1543171;299;-87;6;21.049324;52.543816;758;382;92632.48;24
2019-06-13 15:03:30.762450;1548182;300;-86;6;21.049213;52.544052;766;387;92562.85;24
2019-06-13 15:03:35.761108;1553189;301;-89;6;21.049091;52.544296;774;385;92464.08;24
2019-06-13 15:03:40.760739;1558198;302;-89;6;21.048975;52.544540;784;386;92400.23;24
2019-06-13 15:03:45.761336;1563208;303;-84;6;21.048838;52.544788;795;386;92302.15;24
2019-06-13 15:03:50.761994;1568218;304;-84;6;21.048697;52.545048;806;384;92211.95;24
2019-06-13 15:03:55.762615;1573227;305;-85;6;21.048559;52.545303;816;385;92121.77;24
2019-06-13 15:04:00.762222;1578236;306;-84;6;21.048418;52.545555;827;383;92027.03;24
2019-06-13 15:04:05.761875;1583245;307;-94;6;21.048294;52.545815;837;383;91924.66;24
2019-06-13 15:04:10.760521;1588253;308;-84;6;21.048189;52.546101;848;382;91837.89;24
2019-06-13 15:04:15.762109;1593263;309;-92;6;21.048096;52.546398;858;379;91756.84;25
2019-06-13 15:04:20.761770;1598272;310;-108;6;21.047998;52.546700;867;377;91668.91;25
2019-06-13 15:04:25.762367;1603281;311;-101;6;21.047899;52.546997;875;374;91596.61;25
2019-06-13 15:04:30.761004;1608289;312;-90;6;21.047800;52.547283;883;374;91522.20;25
2019-06-13 15:04:35.761663;1613298;313;-95;6;21.047701;52.547577;892;373;91432.53;25
2019-06-13 15:04:40.761258;1618307;314;-91;6;21.047609;52.547863;901;372;91348.73;25
2019-06-13 15:04:45.760888;1623315;315;-86;6;21.047503;52.548145;909;372;91270.44;25
2019-06-13 15:04:50.761546;1628324;316;-103;6;21.047396;52.548428;918;375;91177.90;25
2019-06-13 15:04:55.762143;1633332;317;-87;6;21.047297;52.548717;929;374;91087.55;25
2019-06-13 15:05:00.761802;1638342;318;-90;6;21.047173;52.549007;939;371;90983.64;25
2019-06-13 15:05:05.762420;1643350;319;-89;6;21.047039;52.549290;950;371;90886.39;25
2019-06-13 15:05:10.762058;1648360;320;-86;6;21.046894;52.549561;958;369;90791.81;25
2019-06-13 15:05:15.761692;1653368;321;-87;6;21.046755;52.549831;965;369;90724.67;25
2019-06-13 15:05:20.761322;1658377;322;-85;6;21.046621;52.550133;970;372;90661.14;25
2019-06-13 15:05:25.761950;1663386;323;-89;6;21.046474;52.550419;975;369;90611.86;25
2019-06-13 15:05:30.762577;1668395;324;-84;6;21.046322;52.550713;979;368;90558.11;25
2019-06-13 15:05:35.761503;1673403;325;-84;6;21.046156;52.550995;982;368;90520.40;26
2019-06-13 15:05:40.761126;1678411;326;-89;6;21.045998;52.551258;984;364;90498.84;26
2019-06-13 15:05:45.761736;1683420;327;-97;6;21.045853;52.551525;985;362;90484.80;26
2019-06-13 15:05:50.763352;1688429;328;-88;6;21.045715;52.551811;988;362;90455.30;26
2019-06-13 15:05:55.761383;1693437;329;-88;6;21.045601;52.552067;990;361;90418.08;26
2019-06-13 15:06:00.761995;1698446;330;-85;6;21.045467;52.552326;993;362;90375.66;26
2019-06-13 15:06:05.761628;1703454;331;-87;6;21.045349;52.552578;996;363;90324.95;26
2019-06-13 15:06:10.764248;1708466;332;-97;6;21.045208;52.552826;1000;363;90277.92;26
2019-06-13 15:06:15.762888;1713474;333;-94;6;21.045071;52.553078;1004;362;90233.50;26
2019-06-13 15:06:20.763496;1718483;334;-106;6;21.044905;52.553333;1009;366;90176.63;26
2019-06-13 15:06:25.763142;1723491;335;-95;6;21.044727;52.553589;1015;367;90129.69;25
2019-06-13 15:06:30.765763;1728502;336;-87;6;21.044548;52.553864;1021;368;90065.78;25
2019-06-13 15:06:35.764378;1733509;337;-94;6;21.044367;52.554146;1027;369;90006.25;25
2019-06-13 15:06:40.763033;1738517;338;-88;6;21.044201;52.554440;1032;368;89940.50;25
2019-06-13 15:06:45.763656;1743525;339;-95;6;21.044033;52.554749;1037;366;89890.52;25
2019-06-13 15:06:50.765280;1748534;340;-85;6;21.043827;52.555058;1041;363;89827.51;26
2019-06-13 15:06:55.763913;1753541;341;-88;6;21.043633;52.555367;1047;362;89748.73;26
2019-06-13 15:07:00.764509;1758549;342;-94;6;21.043449;52.555679;1053;360;89688.05;26
2019-06-13 15:07:05.763175;1763556;343;-101;6;21.043234;52.556015;1061;364;89624.18;25
2019-06-13 15:07:10.764767;1768565;344;-88;5;21.043020;52.556362;1069;365;89564.31;26
2019-06-13 15:07:15.764428;1773574;345;-85;6;21.042807;52.556721;1077;369;89489.77;25
2019-06-13 15:07:20.764058;1778582;346;-96;6;21.042593;52.557072;1084;366;89417.78;25
2019-06-13 15:07:25.764685;1783590;347;-83;6;21.042404;52.557449;1093;365;89344.69;26
2019-06-13 15:07:30.765315;1788599;348;-94;6;21.042219;52.557842;1104;366;89263.25;25
2019-06-13 15:07:35.763945;1793606;349;-86;6;21.042004;52.558243;1113;366;89180.42;25
2019-06-13 15:07:40.763576;1798614;350;-95;6;21.041761;52.558643;1120;367;89102.72;25
2019-06-13 15:07:45.765202;1803624;351;-87;6;21.041533;52.559021;1123;363;89050.78;25
2019-06-13 15:07:50.763907;1808632;352;-88;6;21.041313;52.559395;1125;362;89023.25;26
2019-06-13 15:07:55.763537;1813640;353;-96;6;21.041092;52.559765;1126;365;89024.58;26
2019-06-13 15:08:00.765057;1818649;354;-90;6;21.040882;52.560135;1127;366;89022.53;25
2019-06-13 15:08:05.764687;1823657;355;-103;6;21.040674;52.560520;1130;368;89029.17;25
2019-06-13 15:08:10.764369;1828666;356;-92;6;21.040474;52.560894;1132;362;89006.47;26
2019-06-13 15:08:15.763989;1833674;357;-87;6;21.040277;52.561264;1132;361;88995.02;26
2019-06-13 15:08:20.763589;1838683;358;-97;6;21.040104;52.561604;1134;364;88998.89;26
2019-06-13 15:08:25.765350;1843693;359;-99;6;21.039976;52.561928;1135;360;88975.47;26
2019-06-13 15:08:30.764998;1848700;360;-90;6;21.039869;52.562260;1135;359;88973.16;26
2019-06-13 15:08:35.764589;1853707;361;-86;6;21.039776;52.562580;1136;355;88970.77;27
2019-06-13 15:08:40.764239;1858716;362;-87;6;21.039667;52.562889;1138;358;88964.09;26
2019-06-13 15:08:45.764866;1863725;363;-95;6;21.039558;52.563198;1139;354;88927.30;27
2019-06-13 15:08:50.766462;1868734;364;-89;6;21.039486;52.563503;1140;355;88929.43;27
2019-06-13 15:08:55.766124;1873742;365;-108;6;21.039389;52.563801;1139;353;88935.50;27
2019-06-13 15:09:00.763762;1878748;366;-90;6;21.039324;52.564102;1140;359;88941.66;26
2019-06-13 15:09:05.764384;1883758;367;-92;6;21.039248;52.564407;1140;359;88945.36;26
2019-06-13 15:09:10.765089;1888767;368;-92;6;21.039167;52.564716;1139;355;88948.98;27
2019-06-13 15:09:15.764641;1893775;369;-90;6;21.039095;52.565022;1138;356;88959.94;27
2019-06-13 15:09:20.764273;1898783;370;-87;6;21.038988;52.565338;1137;356;88972.20;27
2019-06-13 15:09:25.763872;1903791;371;-90;6;21.038883;52.565655;1135;353;89006.66;27
2019-06-13 15:09:30.766494;1908800;372;-90;6;21.038795;52.565964;1134;356;89022.89;27
2019-06-13 15:09:35.767121;1913809;373;-94;7;21.038733;52.566261;1135;352;89031.84;27
2019-06-13 15:09:40.765787;1918816;374;-95;7;21.038645;52.566570;1133;355;89039.36;27
2019-06-13 15:09:45.767428;1923826;375;-107;7;21.038578;52.566887;1132;355;89051.63;27
2019-06-13 15:09:50.767037;1928834;376;-105;7;21.038532;52.567207;1129;353;89074.82;27
2019-06-13 15:09:55.768679;1933843;377;-91;7;21.038490;52.567532;1127;351;89103.34;27
2019-06-13 15:10:00.768264;1938851;378;-87;7;21.038467;52.567844;1126;350;89134.64;28
2019-06-13 15:10:05.766926;1943858;379;-87;7;21.038425;52.568157;1124;350;89154.19;28
2019-06-13 15:10:10.767562;1948867;380;-106;7;21.038380;52.568478;1122;353;89181.14;27
2019-06-13 15:10:15.768194;1953876;381;-86;7;21.038347;52.568798;1119;353;89211.12;27
2019-06-13 15:10:20.766826;1958883;382;-92;7;21.038315;52.569118;1116;351;89236.62;28
2019-06-13 15:10:25.766519;1963892;383;-87;7;21.038258;52.569435;1114;354;89279.30;27
2019-06-13 15:10:30.767041;1968901;384;-92;7;21.038195;52.569748;1110;357;89310.91;27
2019-06-13 15:10:35.766700;1973909;385;-91;7;21.038147;52.570042;1106;353;89353.78;27
2019-06-13 15:10:40.765354;1978916;386;-93;7;21.038101;52.570343;1103;352;89397.70;27
2019-06-13 15:10:45.766972;1983926;387;-88;7;21.038042;52.570648;1099;359;89429.47;27
2019-06-13 15:10:50.767560;1988935;388;-101;7;21.037985;52.570953;1094;359;89468.23;27
2019-06-13 15:10:55.768297;1993944;389;-88;7;21.037949;52.571255;1089;357;89508.26;27
2019-06-13 15:11:00.766887;1998951;390;-102;7;21.037907;52.571552;1084;356;89558.38;27
2019-06-13 15:11:05.766541;2003960;391;-95;7;21.037861;52.571850;1080;360;89603.40;27
2019-06-13 15:11:10.767165;2008969;392;-103;7;21.037821;52.572151;1075;362;89657.16;26
2019-06-13 15:11:15.766803;2013977;393;-100;7;21.037794;52.572441;1070;360;89701.66;26
2019-06-13 15:11:20.766431;2018985;394;-97;7;21.037760;52.572735;1063;361;89767.18;26
2019-06-13 15:11:25.769054;2023996;395;-101;7;21.037729;52.573029;1057;360;89815.78;26
2019-06-13 15:11:30.767765;2029005;396;-108;7;21.037720;52.573318;1052;356;89874.98;27
2019-06-13 15:11:35.767328;2034012;397;-101;7;21.037703;52.573608;1048;358;89922.67;27
2019-06-13 15:11:40.766028;2039020;398;-93;7;21.037689;52.573910;1046;356;89974.12;27
2019-06-13 15:11:45.768540;2044030;399;-108;7;21.037687;52.574215;1045;358;90007.51;27
2019-06-13 15:11:50.767203;2049038;400;-99;7;21.037668;52.574505;1042;355;90038.27;27
2019-06-13 15:11:55.766825;2054047;401;-100;7;21.037632;52.574795;1039;359;90078.98;27
2019-06-13 15:12:00.766441;2059055;402;-107;7;21.037580;52.575081;1036;363;90107.89;26
2019-06-13 15:12:05.769084;2064064;403;-92;7;21.037539;52.575382;1032;364;90140.88;26
2019-06-13 15:12:10.765692;2069070;404;-100;7;21.037489;52.575680;1029;363;90177.84;26
2019-06-13 15:12:15.767349;2074079;405;-101;7;21.037424;52.575985;1025;368;90202.41;25
2019-06-13 15:12:20.768157;2079088;406;-92;7;21.037369;52.576279;1021;364;90233.55;26
2019-06-13 15:12:25.766792;2084095;407;-104;7;21.037306;52.576557;1018;362;90261.90;26
2019-06-13 15:12:30.767422;2089104;408;-93;7;21.037252;52.576843;1016;364;90285.33;26
2019-06-13 15:12:35.769048;2094114;409;-96;7;21.037209;52.577126;1014;363;90293.20;26
2019-06-13 15:12:40.764765;2099119;410;-99;7;21.037165;52.577408;1013;360;90308.20;26
2019-06-13 15:12:45.767297;2104130;411;-106;7;21.037109;52.577682;1011;360;90333.47;26
2019-06-13 15:12:50.767903;2109139;412;-93;7;21.037037;52.577965;1008;365;90351.64;26
2019-06-13 15:12:55.767569;2114147;413;-92;7;21.036964;52.578251;1006;366;90377.34;26
2019-06-13 15:13:00.768192;2119157;414;-100;7;21.036894;52.578537;1004;363;90396.88;26
2019-06-13 15:13:05.765852;2124164;415;-111;7;21.036831;52.578819;1002;362;90410.20;26
2019-06-13 15:13:10.767446;2129173;416;-101;7;21.036751;52.579098;1000;362;90424.62;26
2019-06-13 15:13:15.765057;2134180;417;-95;7;21.036684;52.579365;998;365;90469.97;26
2019-06-13 15:13:20.764687;2139189;418;-97;7;21.036612;52.579632;995;361;90495.55;26
2019-06-13 15:13:25.764083;2144197;419;-94;7;21.036535;52.579895;993;361;90536.66;26
2019-06-13 15:13:30.761700;2149203;420;-93;6;21.036476;52.580151;990;363;90573.31;26
2019-06-13 15:13:35.764317;2154213;421;-102;7;21.036421;52.580418;989;368;90599.25;25
2019-06-13 15:13:40.764910;2159223;422;-94;7;21.036346;52.580704;988;364;90627.72;26
2019-06-13 15:13:45.763528;2164230;423;-95;7;21.036263;52.580986;986;362;90650.55;26
2019-06-13 15:13:50.765153;2169240;424;-94;7;21.036154;52.581249;982;366;90683.00;26
2019-06-13 15:13:55.763808;2174248;425;-105;7;21.036057;52.581516;979;362;90731.27;26
2019-06-13 15:14:00.764416;2179257;426;-99;7;21.035959;52.581779;975;362;90766.67;26
2019-06-13 15:14:05.764057;2184265;427;-99;7;21.035841;52.582047;969;363;90813.36;26
2019-06-13 15:14:10.765667;2189275;428;-93;7;21.035732;52.582306;964;363;90855.12;26
2019-06-13 15:14:15.765330;2194283;429;-93;7;21.035637;52.582573;960;360;90887.66;26
2019-06-13 15:14:20.763957;2199290;430;-99;7;21.035545;52.582832;956;361;90929.29;26
2019-06-13 15:14:25.764609;2204299;431;-95;7;21.035452;52.583096;952;368;90978.26;25
2019-06-13 15:14:30.766215;2209309;432;-103;7;21.035358;52.583355;949;369;91004.77;25
2019-06-13 15:14:35.765846;2214317;433;-94;7;21.035250;52.583626;946;367;91041.94;25
2019-06-13 15:14:40.764446;2219324;434;-92;7;21.035141;52.583889;943;367;91075.84;26
2019-06-13 15:14:45.764076;2224333;435;-98;7;21.035028;52.584164;940;365;91111.69;26
2019-06-13 15:14:50.764761;2229342;436;-113;7;21.034899;52.584438;935;368;91150.06;26
2019-06-13 15:14:55.765363;2234351;437;-93;7;21.034765;52.584717;930;367;91174.11;26
2019-06-13 15:15:00.764961;2239359;438;-101;7;21.034628;52.585007;926;366;91208.54;26
2019-06-13 15:15:05.763594;2244366;439;-93;6;21.034502;52.585281;923;370;91250.53;25
2019-06-13 15:15:10.766217;2249377;440;-116;7;21.034391;52.585556;919;374;91299.84;25
2019-06-13 15:15:15.764848;2254384;441;-98;7;21.034271;52.585831;916;370;91330.80;25
2019-06-13 15:15:20.765476;2259393;442;-102;7;21.034149;52.586113;914;368;91365.84;26
2019-06-13 15:15:25.766104;2264402;443;-103;7;21.034006;52.586399;910;370;91395.50;25
2019-06-13 15:15:30.765783;2269410;444;-98;7;21.033855;52.586678;907;369;91423.56;25
2019-06-13 15:15:35.765364;2274417;445;-99;7;21.033701;52.586956;905;368;91450.38;26
2019-06-13 15:15:40.763474;2279424;446;-116;7;21.033541;52.587238;902;371;91478.73;25
2019-06-13 15:15:45.765135;2284434;447;-102;7;21.033398;52.587513;899;373;91491.41;25
2019-06-13 15:15:50.765727;2289443;448;-103;7;21.033266;52.587780;897;373;91516.66;25
2019-06-13 15:15:55.766927;2294452;449;-109;7;21.033136;52.588051;895;370;91539.68;25
2019-06-13 15:16:00.765586;2299460;450;-106;7;21.033012;52.588333;893;370;91550.89;25
2019-06-13 15:16:05.764193;2304467;451;-93;7;21.032888;52.588619;891;368;91583.84;25
2019-06-13 15:16:10.764855;2309475;452;-112;7;21.032736;52.588898;889;369;91600.14;25
2019-06-13 15:16:15.762456;2314481;453;-96;6;21.032578;52.589180;886;371;91626.03;25
2019-06-13 15:16:20.762110;2319489;454;-98;6;21.032419;52.589458;882;373;91644.59;25
2019-06-13 15:16:25.763746;2324498;455;-101;6;21.032272;52.589733;880;371;91686.97;25
2019-06-13 15:16:30.763403;2329506;456;-110;6;21.032118;52.590015;877;371;91714.22;25
2019-06-13 15:16:35.763997;2334516;457;-99;6;21.031979;52.590290;876;376;91749.52;25
2019-06-13 15:16:40.762637;2339523;458;-119;6;21.031864;52.590580;874;378;91767.62;24
2019-06-13 15:16:45.762265;2344531;459;-105;6;21.031748;52.590870;872;375;91789.61;24
2019-06-13 15:16:50.762894;2349540;460;-110;6;21.031651;52.591152;870;374;91816.68;25
2019-06-13 15:16:55.763501;2354549;461;-113;6;21.031565;52.591419;867;373;91843.95;25
2019-06-13 15:17:00.763202;2359557;462;-105;6;21.031485;52.591694;864;376;91885.98;24
2019-06-13 15:17:05.763557;2364565;463;-116;6;21.031403;52.591976;859;372;91932.92;25
2019-06-13 15:17:10.763216;2369574;464;-111;6;21.031296;52.592262;855;372;91971.16;25
2019-06-13 15:17:15.763815;2374583;465;-113;6;21.031178;52.592545;852;370;92012.91;25
2019-06-13 15:17:20.763952;2379593;466;-122;6;21.031040;52.592834;849;373;92056.31;25
2019-06-13 15:17:25.764972;2384603;467;-122;6;21.030912;52.593128;846;373;92071.86;25
2019-06-13 15:17:30.762641;2389610;468;-112;6;21.030830;52.593433;841;370;92118.17;25
2019-06-13 15:17:35.763213;2394618;469;-120;6;21.030735;52.593727;836;371;92169.42;25
2019-06-13 15:17:40.762848;2399626;470;-104;6;21.030638;52.594032;832;375;92209.12;25
2019-06-13 15:17:45.763482;2404635;471;-108;6;21.030542;52.594353;826;373;92264.89;25
2019-06-13 15:17:50.765095;2409645;472;-109;6;21.030434;52.594666;822;372;92325.47;25
2019-06-13 15:17:55.762781;2414651;473;-101;6;21.030357;52.594978;818;378;92365.45;24
2019-06-13 15:18:00.763358;2419661;474;-104;6;21.030279;52.595284;814;373;92396.95;25
2019-06-13 15:18:05.764016;2424670;475;-113;6;21.030197;52.595581;809;377;92445.78;25
2019-06-13 15:18:10.763640;2429679;476;-117;6;21.030125;52.595879;804;375;92495.28;25
2019-06-13 15:18:15.763246;2434688;477;-119;6;21.030048;52.596180;800;373;92531.80;25
2019-06-13 15:18:20.762876;2439696;478;-120;6;21.029936;52.596462;796;377;92580.94;25
2019-06-13 15:18:25.763588;2444706;479;-112;6;21.029840;52.596737;793;381;92632.88;24
2019-06-13 15:18:30.766196;2449716;480;-108;6;21.029770;52.597027;789;380;92668.22;24
2019-06-13 15:18:35.764825;2454724;481;-105;6;21.029678;52.597298;788;377;92703.25;24
2019-06-13 15:18:40.763459;2459732;482;-101;6;21.029558;52.597565;785;381;92730.48;24
2019-06-13 15:18:45.764085;2464740;483;-118;6;21.029448;52.597839;781;381;92767.14;24
2019-06-13 15:18:50.763715;2469748;484;-114;6;21.029324;52.598114;778;379;92816.98;24
2019-06-13 15:18:55.763347;2474758;485;-105;6;21.029192;52.598373;775;378;92862.55;24
2019-06-13 15:19:00.763987;2479768;486;-106;6;21.029076;52.598637;772;378;92886.83;24
2019-06-13 15:19:05.762606;2484775;487;-115;6;21.028950;52.598892;768;378;92912.52;24
2019-06-13 15:19:10.763233;2489784;488;-105;6;21.028812;52.599148;765;381;92955.30;24
2019-06-13 15:19:15.763877;2494793;489;-115;6;21.028700;52.599415;762;380;92984.27;24
2019-06-13 15:19:20.764528;2499802;490;-105;6;21.028627;52.599682;759;378;93017.73;24
2019-06-13 15:19:25.765116;2504811;491;-103;6;21.028536;52.599964;758;378;93048.33;25
2019-06-13 15:19:30.764749;2509819;492;-116;6;21.028404;52.600246;756;377;93043.59;25
2019-06-13 15:19:35.764398;2514828;493;-105;6;21.028271;52.600544;755;379;93050.61;25
2019-06-13 15:19:40.764006;2519836;494;-105;6;21.028143;52.600842;753;381;93060.00;24
2019-06-13 15:19:45.764681;2524846;495;-110;6;21.028038;52.601147;751;380;93079.55;24
2019-06-13 15:19:50.764405;2529854;496;-105;6;21.027941;52.601452;750;375;93090.98;25
2019-06-13 15:19:55.763515;2534863;497;-116;6;21.027849;52.601742;749;373;93100.34;25
2019-06-13 15:20:00.764147;2539873;498;-106;6;21.027737;52.602013;747;371;93106.58;25
2019-06-13 15:20:05.764353;2544881;499;-108;6;21.027620;52.602287;743;372;93138.34;25
2019-06-13 15:20:10.764980;2549889;500;-112;6;21.027514;52.602562;739;371;93177.95;25
2019-06-13 15:20:15.764630;2554898;501;-109;6;21.027378;52.602825;736;369;93223.11;25
2019-06-13 15:20:20.763242;2559906;502;-106;6;21.027235;52.603088;733;371;93249.69;25
2019-06-13 15:20:25.764867;2564915;503;-109;6;21.027096;52.603355;731;372;93272.98;25
2019-06-13 15:20:30.764497;2569924;504;-109;6;21.026968;52.603619;728;373;93293.99;25
2019-06-13 15:20:35.765256;2574933;505;-106;6;21.026848;52.603882;726;369;93311.45;26
2019-06-13 15:20:40.762780;2579939;506;-115;6;21.026705;52.604149;724;369;93346.00;25
2019-06-13 15:20:45.763388;2584948;507;-103;6;21.026604;52.604420;721;368;93374.86;26
2019-06-13 15:20:50.765012;2589959;508;-99;6;21.026533;52.604698;718;367;93393.55;26
2019-06-13 15:20:55.765377;2594968;509;-108;6;21.026463;52.604973;716;366;93429.53;26
2019-06-13 15:21:00.763993;2599977;510;-106;6;21.026369;52.605251;713;364;93457.27;26
2019-06-13 15:21:05.763607;2604987;511;-103;6;21.026274;52.605553;711;365;93479.84;26
2019-06-13 15:21:10.764233;2609997;512;-117;6;21.026163;52.605846;707;365;93523.42;26
2019-06-13 15:21:15.763994;2615006;513;-121;6;21.026043;52.606140;705;365;93556.73;26
2019-06-13 15:21:20.763519;2620015;514;-116;6;21.025928;52.606422;703;363;93577.24;26
2019-06-13 15:21:25.763232;2625024;515;-121;6;21.025835;52.606720;700;363;93598.25;26
2019-06-13 15:21:30.765746;2630035;516;-119;6;21.025759;52.607010;699;363;93634.03;26
2019-06-13 15:21:35.764379;2635042;517;-119;6;21.025682;52.607304;698;362;93657.34;27
2019-06-13 15:21:40.765009;2640051;518;-114;6;21.025597;52.607624;696;362;93679.89;27
2019-06-13 15:21:45.764648;2645060;519;-119;6;21.025517;52.607948;694;361;93686.24;27
2019-06-13 15:21:50.765264;2650067;520;-108;6;21.025452;52.608250;692;361;93698.86;27
2019-06-13 15:21:55.765891;2655076;521;-108;6;21.025393;52.608528;691;360;93713.86;27
2019-06-13 15:22:00.764524;2660083;522;-111;6;21.025316;52.608826;690;361;93722.33;27
2019-06-13 15:22:05.765151;2665091;523;-118;6;21.025255;52.609119;688;360;93716.33;27
2019-06-13 15:22:10.764800;2670099;524;-114;6;21.025187;52.609409;686;359;93743.69;27
2019-06-13 15:22:15.765409;2675107;525;-104;6;21.025120;52.609707;686;358;93745.20;27
2019-06-13 15:22:20.766053;2680115;526;-122;6;21.025045;52.609989;685;359;93753.65;27
2019-06-13 15:22:25.765702;2685123;527;-105;6;21.024965;52.610271;685;359;93760.81;27
2019-06-13 15:22:30.766326;2690131;528;-112;6;21.024879;52.610550;684;359;93761.73;27
2019-06-13 15:22:35.764927;2695138;529;-104;6;21.024797;52.610832;683;360;93770.17;27
2019-06-13 15:22:40.764557;2700145;530;-119;6;21.024712;52.611111;683;358;93780.62;27
2019-06-13 15:22:45.766182;2705155;531;-106;6;21.024618;52.611385;682;359;93784.45;27
2019-06-13 15:22:50.763869;2710161;532;-109;5;21.024511;52.611656;680;358;93801.64;27
2019-06-13 15:22:55.768468;2715174;533;-110;7;21.024414;52.611942;679;359;93815.70;27
2019-06-13 15:23:00.769061;2720183;534;-107;7;21.024326;52.612225;678;358;93831.66;27
2019-06-13 15:23:05.768712;2725191;535;-111;7;21.024225;52.612495;678;358;93838.49;27
2019-06-13 15:23:10.768322;2730199;536;-110;7;21.024115;52.612759;679;357;93842.85;27
2019-06-13 15:23:15.768950;2735208;537;-117;7;21.024017;52.613018;679;358;93858.64;28
2019-06-13 15:23:20.769576;2740216;538;-104;7;21.023933;52.613281;678;356;93869.66;28
2019-06-13 15:23:25.769208;2745224;539;-115;7;21.023844;52.613533;678;356;93876.48;28
2019-06-13 15:23:30.771863;2750235;540;-103;7;21.023726;52.613800;679;356;93873.44;27
2019-06-13 15:23:35.770518;2755241;541;-108;7;21.023623;52.614090;678;356;93876.69;27
2019-06-13 15:23:40.767100;2760248;542;-115;7;21.023542;52.614380;677;355;93868.22;28
2019-06-13 15:23:45.770762;2765258;543;-107;7;21.023518;52.614674;676;355;93884.80;28
2019-06-13 15:23:50.771402;2770265;544;-121;7;21.023466;52.614925;675;354;93913.10;28
2019-06-13 15:23:55.769020;2775273;545;-122;7;21.023327;52.615166;676;354;93911.78;28
2019-06-13 15:24:00.770607;2780282;546;-109;7;21.023228;52.615437;675;355;93900.34;28
2019-06-13 15:24:05.768292;2785290;547;-109;7;21.023123;52.615730;673;354;93900.23;28
2019-06-13 15:24:10.770897;2790299;548;-110;7;21.023026;52.616032;672;354;93927.09;28
2019-06-13 15:24:15.768500;2795306;549;-117;7;21.022949;52.616322;671;355;93928.78;28
2019-06-13 15:24:20.769127;2800315;550;-109;7;21.022884;52.616611;669;353;93947.36;28
2019-06-13 15:24:25.768782;2805323;551;-118;7;21.022829;52.616882;665;354;93984.08;28
2019-06-13 15:24:30.771380;2810333;552;-118;7;21.022720;52.617130;662;353;94030.38;28
2019-06-13 15:24:35.770019;2815340;553;-112;7;21.022579;52.617397;659;353;94053.28;28
2019-06-13 15:24:40.767011;2820345;554;-121;7;21.022482;52.617706;657;352;94075.42;28
2019-06-13 15:24:45.768636;2825355;555;-110;7;21.022381;52.617992;655;352;94085.49;28
2019-06-13 15:24:50.769390;2830364;556;-106;7;21.022264;52.618271;655;351;94096.55;28
2019-06-13 15:24:55.767904;2835370;557;-111;7;21.022184;52.618557;658;353;94089.56;28
2019-06-13 15:25:00.768363;2840379;558;-108;7;21.022083;52.618862;662;352;94040.75;28
2019-06-13 15:25:05.768992;2845387;559;-108;7;21.021923;52.619122;666;352;93984.48;28
2019-06-13 15:25:10.767625;2850394;560;-114;7;21.021839;52.619385;668;352;93951.92;28
2019-06-13 15:25:15.769252;2855403;561;-107;7;21.021761;52.619648;670;351;93929.89;29
2019-06-13 15:25:20.768876;2860411;562;-118;7;21.021692;52.619915;673;351;93898.34;29
2019-06-13 15:25:25.770529;2865420;563;-110;7;21.021614;52.620193;675;352;93865.45;29
2019-06-13 15:25:30.771102;2870428;564;-110;7;21.021534;52.620434;677;350;93846.77;29
2019-06-13 15:25:35.770765;2875437;565;-106;7;21.021420;52.620693;677;349;93835.05;29
2019-06-13 15:25:40.769361;2880442;566;-106;7;21.021315;52.620922;679;349;93833.81;29
2019-06-13 15:25:45.770987;2885451;567;-106;7;21.021265;52.621132;680;350;93820.38;29
2019-06-13 15:25:50.769659;2890459;568;-105;7;21.021254;52.621357;681;348;93790.42;29
2019-06-13 15:25:55.770246;2895468;569;-104;7;21.021269;52.621574;682;348;93776.58;29
2019-06-13 15:26:00.769916;2900476;570;-106;7;21.021296;52.621799;684;349;93754.88;29
2019-06-13 15:26:05.769507;2905483;571;-121;7;21.021317;52.622044;687;349;93728.03;29
2019-06-13 15:26:10.769172;2910491;572;-110;7;21.021275;52.622314;689;349;93706.91;29
2019-06-13 15:26:15.769804;2915499;573;-114;7;21.021221;52.622566;692;349;93683.77;29
2019-06-13 15:26:20.769394;2920507;574;-113;7;21.021189;52.622833;696;348;93639.62;29
2019-06-13 15:26:25.769057;2925514;575;-121;7;21.021145;52.623096;700;349;93598.02;29
2019-06-13 15:26:30.770682;2930524;576;-110;7;21.021126;52.623352;703;350;93558.36;29
2019-06-13 15:26:35.769313;2935531;577;-120;7;21.021107;52.623619;706;350;93521.11;29
2019-06-13 15:26:40.769941;2940539;578;-113;7;21.021109;52.623905;710;350;93491.73;29
2019-06-13 15:26:45.769571;2945547;579;-108;7;21.021074;52.624195;713;349;93455.20;29
2019-06-13 15:26:50.769252;2950555;580;-107;7;21.021049;52.624474;715;350;93419.37;29
2019-06-13 15:26:55.770945;2955565;581;-107;7;21.021019;52.624767;717;350;93403.52;29
2019-06-13 15:27:00.766435;2960568;582;-108;6;21.020964;52.625065;718;350;93382.85;29
2019-06-13 15:27:05.770093;2965579;583;-110;7;21.020937;52.625374;720;351;93371.23;29
2019-06-13 15:27:10.769414;2970586;584;-111;7;21.020863;52.625687;722;350;93363.28;29
2019-06-13 15:27:15.768106;2975593;585;-110;7;21.020784;52.625988;723;350;93364.06;29
2019-06-13 15:27:20.769648;2980603;586;-122;7;21.020693;52.626301;724;349;93350.23;29
2019-06-13 15:27:25.768269;2985609;587;-118;7;21.020571;52.626610;726;349;93331.12;29
2019-06-13 15:27:30.766903;2990616;588;-114;6;21.020439;52.626892;729;348;93314.02;29
2019-06-13 15:27:35.767498;2995624;589;-110;7;21.020351;52.627178;732;346;93270.28;29
2019-06-13 15:27:40.768126;3000632;590;-111;7;21.020252;52.627472;736;346;93240.80;29
2019-06-13 15:27:45.768752;3005641;591;-118;7;21.020153;52.627762;740;346;93198.89;29
2019-06-13 15:27:50.768413;3010648;592;-111;7;21.020054;52.628063;745;347;93154.20;29
2019-06-13 15:27:55.770039;3015658;593;-121;7;21.019938;52.628330;751;347;93094.91;29
2019-06-13 15:28:00.768639;3020664;594;-111;7;21.019829;52.628605;756;347;93030.65;29
2019-06-13 15:28:05.770264;3025674;595;-112;7;21.019733;52.628876;760;347;92982.85;29
2019-06-13 15:28:10.769927;3030681;596;-108;7;21.019648;52.629147;763;346;92935.22;29
2019-06-13 15:28:15.770686;3035690;597;-120;7;21.019545;52.629429;766;346;92901.39;29
2019-06-13 15:28:20.767194;3040694;598;-120;7;21.019464;52.629723;766;345;92880.16;29
2019-06-13 15:28:25.769814;3045704;599;-110;7;21.019386;52.630009;767;345;92886.20;29
2019-06-13 15:28:30.769579;3050712;600;-108;7;21.019302;52.630295;767;344;92887.31;29
2019-06-13 15:28:35.769136;3055719;601;-109;7;21.019220;52.630589;768;344;92885.29;29
2019-06-13 15:28:40.768673;3060726;602;-106;7;21.019121;52.630878;770;344;92867.42;29
2019-06-13 15:28:45.769918;3065734;603;-112;7;21.019024;52.631165;771;344;92850.37;30
2019-06-13 15:28:50.769581;3070741;604;-107;7;21.018909;52.631447;773;344;92835.94;30
2019-06-13 15:28:55.770205;3075749;605;-114;7;21.018793;52.631733;776;343;92808.34;30
2019-06-13 15:29:00.769954;3080757;606;-109;7;21.018681;52.632034;781;343;92759.95;30
2019-06-13 15:29:05.768473;3085762;607;-107;7;21.018566;52.632336;784;343;92719.17;30
2019-06-13 15:29:10.770063;3090771;608;-107;7;21.018440;52.632622;788;343;92671.53;30
2019-06-13 15:29:15.768731;3095777;609;-108;7;21.018299;52.632896;792;344;92634.77;30
2019-06-13 15:29:20.771362;3100783;610;-107;7;21.018135;52.633175;794;342;92596.84;30
2019-06-13 15:29:25.768970;3105791;611;-114;7;21.017984;52.633465;796;342;92575.10;30
2019-06-13 15:29:30.769612;3110799;612;-112;7;21.017847;52.633759;798;341;92549.12;30
2019-06-13 15:29:35.769241;3115806;613;-115;7;21.017721;52.634037;801;341;92524.00;30
2019-06-13 15:29:40.768487;3120813;614;-106;7;21.017595;52.634308;804;341;92489.59;30
2019-06-13 15:29:45.770156;3125822;615;-110;7;21.017477;52.634571;807;340;92465.28;30
2019-06-13 15:29:50.770831;3130830;616;-107;7;21.017349;52.634838;812;341;92416.89;30
2019-06-13 15:29:55.769402;3135835;617;-120;7;21.017195;52.635098;817;340;92370.78;30
2019-06-13 15:30:00.769998;3140843;618;-109;7;21.017019;52.635357;822;340;92313.45;30
2019-06-13 15:30:05.769629;3145850;619;-118;7;21.016851;52.635601;826;340;92261.30;30
2019-06-13 15:30:10.771253;3150859;620;-110;7;21.016695;52.635845;829;339;92226.09;30
2019-06-13 15:30:15.769886;3155865;621;-109;7;21.016533;52.636105;832;340;92185.48;30
2019-06-13 15:30:20.769549;3160872;622;-108;7;21.016407;52.636349;835;340;92157.30;30
2019-06-13 15:30:25.770144;3165880;623;-113;7;21.016253;52.636600;837;341;92132.38;30
2019-06-13 15:30:30.771800;3170889;624;-108;7;21.016098;52.636845;839;340;92113.71;30
2019-06-13 15:30:35.771399;3175896;625;-111;7;21.015957;52.637096;841;340;92095.72;30
2019-06-13 15:30:40.770063;3180902;626;-107;7;21.015800;52.637341;843;340;92071.02;30
2019-06-13 15:30:45.769693;3185909;627;-108;7;21.015697;52.637585;846;339;92051.69;30
2019-06-13 15:30:50.769292;3190917;628;-108;7;21.015579;52.637836;849;339;92030.91;30
2019-06-13 15:30:55.769951;3195925;629;-109;7;21.015457;52.638088;852;339;92018.70;30
2019-06-13 15:31:00.771569;3200934;630;-107;7;21.015329;52.638332;855;338;91987.24;30
2019-06-13 15:31:05.770176;3205940;631;-119;7;21.015198;52.638577;857;338;91963.39;30
2019-06-13 15:31:10.769832;3210947;632;-119;7;21.015087;52.638828;858;337;91941.78;30
2019-06-13 15:31:15.769468;3215954;633;-114;7;21.014959;52.639088;859;337;91931.59;30
2019-06-13 15:31:20.769099;3220961;634;-112;7;21.014803;52.639351;861;336;91915.56;30
2019-06-13 15:31:25.770725;3225970;635;-118;7;21.014641;52.639599;862;336;91901.55;30
2019-06-13 15:31:30.770356;3230977;636;-111;7;21.014505;52.639847;864;336;91889.62;30
2019-06-13 15:31:35.770985;3235986;637;-115;7;21.014366;52.640099;865;336;91875.48;30
2019-06-13 15:31:40.769583;3240992;638;-110;7;21.014198;52.640366;867;335;91849.20;30
2019-06-13 15:31:45.769244;3245999;639;-110;7;21.014021;52.640633;869;336;91829.12;30
2019-06-13 15:31:50.769871;3251008;640;-109;7;21.013849;52.640896;871;335;91803.14;30
2019-06-13 15:31:55.770501;3256016;641;-120;7;21.013659;52.641144;874;335;91770.18;30
2019-06-13 15:32:00.770131;3261024;642;-108;7;21.013485;52.641388;876;335;91745.31;30
2019-06-13 15:32:05.768761;3266031;643;-106;7;21.013323;52.641628;878;335;91716.23;30
2019-06-13 15:32:10.771233;3271041;644;-119;7;21.013182;52.641876;880;334;91692.75;30
2019-06-13 15:32:15.768837;3276047;645;-107;7;21.013006;52.642132;882;335;91670.59;30
2019-06-13 15:32:20.769465;3281055;646;-108;7;21.012827;52.642391;884;334;91665.87;30
2019-06-13 15:32:25.769170;3286062;647;-108;7;21.012638;52.642647;885;333;91637.73;31
2019-06-13 15:32:30.770753;3291071;648;-117;7;21.012451;52.642899;887;332;91622.39;31
2019-06-13 15:32:35.769353;3296077;649;-109;7;21.012297;52.643147;888;333;91607.07;31
2019-06-13 15:32:40.768984;3301084;650;-108;7;21.012144;52.643398;890;332;91592.52;31
2019-06-13 15:32:45.770638;3306094;651;-110;7;21.012011;52.643650;892;334;91573.41;31
2019-06-13 15:32:50.771235;3311102;652;-109;7;21.011881;52.643909;894;332;91559.08;31
2019-06-13 15:32:55.770865;3316109;653;-111;7;21.011738;52.644188;895;332;91551.92;31
2019-06-13 15:33:00.770528;3321117;654;-109;7;21.011578;52.644463;896;332;91540.52;31
2019-06-13 15:33:05.770149;3326124;655;-110;7;21.011414;52.644726;897;332;91537.55;31
2019-06-13 15:33:10.769756;3331131;656;-106;7;21.011227;52.644985;899;331;91524.29;31
2019-06-13 15:33:15.770419;3336140;657;-112;7;21.011028;52.645233;900;332;91509.91;31
2019-06-13 15:33:20.769046;3341146;658;-115;7;21.010857;52.645485;902;332;91490.14;31
2019-06-13 15:33:25.768839;3346154;659;-106;7;21.010715;52.645737;904;332;91471.18;31
2019-06-13 15:33:30.769473;3351163;660;-121;7;21.010576;52.646015;905;331;91446.30;31
2019-06-13 15:33:35.769043;3356170;661;-120;7;21.010437;52.646297;908;331;91413.78;31
2019-06-13 15:33:40.768593;3361177;662;-108;7;21.010273;52.646587;910;329;91393.17;31
2019-06-13 15:33:45.770188;3366187;663;-120;7;21.010092;52.646862;912;330;91380.55;31
2019-06-13 15:33:50.768822;3371193;664;-105;7;21.009916;52.647110;914;330;91347.90;31
2019-06-13 15:33:55.770443;3376203;665;-115;7;21.009781;52.647362;916;329;91335.73;31
2019-06-13 15:34:00.769049;3381209;666;-119;7;21.009640;52.647640;917;328;91315.67;31
2019-06-13 15:34:05.768710;3386217;667;-113;7;21.009472;52.647926;920;328;91296.17;31
2019-06-13 15:34:10.768335;3391225;668;-114;7;21.009315;52.648174;922;328;91260.98;31
2019-06-13 15:34:15.768967;3396234;669;-107;7;21.009157;52.648430;923;328;91237.70;31
2019-06-13 15:34:20.769595;3401243;670;-108;7;21.009035;52.648685;924;328;91230.62;32
2019-06-13 15:34:25.769225;3406250;671;-113;7;21.008947;52.648949;925;328;91216.70;31
2019-06-13 15:34:30.769853;3411259;672;-107;7;21.008837;52.649235;926;328;91212.33;32
2019-06-13 15:34:35.767456;3416265;673;-108;7;21.008728;52.649529;928;328;91193.61;32
2019-06-13 15:34:40.766771;3421272;674;-120;6;21.008598;52.649818;929;327;91185.95;32
2019-06-13 15:34:45.769425;3426282;675;-115;7;21.008463;52.650089;929;328;91176.70;32
2019-06-13 15:34:50.768026;3431290;676;-106;7;21.008341;52.650356;931;328;91169.05;32
2019-06-13 15:34:55.770678;3436300;677;-112;7;21.008230;52.650631;933;327;91152.55;32
2019-06-13 15:35:00.769312;3441307;678;-118;7;21.008133;52.650913;934;327;91125.72;32
2019-06-13 15:35:05.768954;3446316;679;-106;7;21.008041;52.651192;936;327;91119.39;32
2019-06-13 15:35:10.768586;3451323;680;-105;7;21.007938;52.651463;939;326;91091.02;32
2019-06-13 15:35:15.769168;3456332;681;-109;7;21.007812;52.651741;942;326;91066.99;32
2019-06-13 15:35:20.769810;3461341;682;-116;7;21.007679;52.652012;945;326;91037.40;32
2019-06-13 15:35:25.769471;3466349;683;-107;7;21.007568;52.652267;947;328;91009.88;32
2019-06-13 15:35:30.770053;3471357;684;-122;7;21.007456;52.652515;950;326;90980.22;32
2019-06-13 15:35:35.770681;3476366;685;-108;7;21.007343;52.652760;953;327;90955.42;32
2019-06-13 15:35:40.769344;3481373;686;-120;7;21.007257;52.653030;957;326;90902.03;32
2019-06-13 15:35:45.768943;3486380;687;-110;7;21.007168;52.653320;961;326;90867.62;32
2019-06-13 15:35:50.767714;3491388;688;-110;7;21.007072;52.653625;966;324;90825.86;32
2019-06-13 15:35:55.769224;3496396;689;-109;7;21.006941;52.653934;970;325;90783.88;32
2019-06-13 15:36:00.768967;3501405;690;-117;7;21.006798;52.654232;973;324;90754.03;32
2019-06-13 15:36:05.769458;3506412;691;-113;7;21.006657;52.654526;977;324;90702.95;32
2019-06-13 15:36:10.770086;3511421;692;-114;7;21.006504;52.654819;981;324;90665.77;32
2019-06-13 15:36:15.768876;3516429;693;-107;7;21.006359;52.655117;984;326;90623.52;32
2019-06-13 15:36:25.770015;3526447;694;-114;7;21.006123;52.655758;992;324;90547.16;32
2019-06-13 15:36:30.769638;3531455;695;-110;7;21.005976;52.656094;995;323;90512.56;32
2019-06-13 15:36:35.770232;3536464;696;-117;7;21.005827;52.656422;999;323;90472.13;32
2019-06-13 15:36:40.771886;3541473;697;-121;7;21.005655;52.656750;1003;322;90437.77;33
2019-06-13 15:36:45.771516;3546481;698;-114;7;21.005487;52.657055;1007;322;90398.83;33
2019-06-13 15:36:50.771147;3551488;699;-118;7;21.005323;52.657360;1011;322;90356.12;33
2019-06-13 15:36:55.771777;3556497;700;-112;7;21.005163;52.657658;1015;322;90311.88;33
2019-06-13 15:37:00.772404;3561504;701;-109;7;21.005011;52.657951;1019;323;90266.86;32
2019-06-13 15:37:05.774026;3566513;702;-112;7;21.004868;52.658249;1023;322;90224.94;33
2019-06-13 15:37:10.773337;3571520;703;-117;7;21.004723;52.658558;1027;321;90186.08;33
2019-06-13 15:37:15.772003;3576526;704;-116;7;21.004560;52.658878;1031;320;90144.19;33
2019-06-13 15:37:20.771649;3581533;705;-115;7;21.004391;52.659218;1036;319;90104.58;33
2019-06-13 15:37:25.771230;3586541;706;-121;7;21.004181;52.659569;1040;319;90047.77;33
2019-06-13 15:37:30.772881;3591550;707;-120;7;21.003969;52.659897;1044;320;90013.33;33
2019-06-13 15:37:35.771532;3596556;708;-110;7;21.003761;52.660198;1047;320;89975.92;33
2019-06-13 15:37:40.771150;3601562;709;-120;6;21.003569;52.660484;1051;320;89931.98;33
2019-06-13 15:37:45.769778;3606569;710;-118;6;21.003361;52.660763;1054;320;89896.30;33
2019-06-13 15:37:50.772373;3611579;711;-113;7;21.003176;52.661022;1057;319;89870.61;33
2019-06-13 15:37:55.772003;3616586;712;-119;7;21.003002;52.661282;1063;320;89813.97;33
2019-06-13 15:38:00.770664;3621593;713;-118;6;21.002831;52.661545;1067;319;89762.08;33
2019-06-13 15:38:05.772284;3626602;714;-121;7;21.002647;52.661808;1071;320;89719.62;33
2019-06-13 15:38:10.770924;3631608;715;-114;7;21.002468;52.662086;1076;320;89666.15;33
2019-06-13 15:38:15.771546;3636617;716;-120;7;21.002274;52.662369;1081;319;89627.87;33
2019-06-13 15:38:20.772174;3641625;717;-114;7;21.002108;52.662651;1088;318;89561.05;33
2019-06-13 15:38:25.772776;3646634;718;-111;7;21.001974;52.662930;1097;318;89487.83;33
2019-06-13 15:38:30.773403;3651642;719;-111;7;21.001848;52.663193;1105;318;89394.86;33
2019-06-13 15:38:35.774031;3656651;720;-109;7;21.001738;52.663445;1112;318;89318.48;33
2019-06-13 15:38:40.773694;3661659;721;-111;7;21.001659;52.663696;1119;318;89249.24;33
2019-06-13 15:38:45.772293;3666667;722;-111;7;21.001583;52.663956;1126;316;89184.62;33
2019-06-13 15:38:50.772922;3671676;723;-108;7;21.001486;52.664223;1132;315;89118.55;33
2019-06-13 15:38:55.771686;3676682;724;-121;7;21.001377;52.664494;1138;317;89052.81;33
2019-06-13 15:39:00.772181;3681690;725;-113;7;21.001274;52.664780;1144;315;89002.91;33
2019-06-13 15:39:05.772859;3686699;726;-113;7;21.001150;52.665043;1149;315;88942.56;33
2019-06-13 15:39:10.772451;3691707;727;-108;7;21.001038;52.665302;1152;315;88879.58;33
2019-06-13 15:39:15.773098;3696715;728;-119;7;21.000898;52.665562;1156;314;88852.31;34
2019-06-13 15:39:20.773726;3701724;729;-111;7;21.000761;52.665825;1159;314;88804.03;33
2019-06-13 15:39:25.771354;3706730;730;-109;7;21.000610;52.666084;1163;313;88770.30;34
2019-06-13 15:39:30.773984;3711741;731;-110;7;21.000481;52.666340;1167;313;88725.14;34
2019-06-13 15:39:35.773614;3716748;732;-112;7;21.000364;52.666595;1170;313;88699.42;34
2019-06-13 15:39:40.771249;3721754;733;-108;7;21.000269;52.666847;1173;311;88658.03;34
2019-06-13 15:39:45.773839;3726765;734;-108;7;21.000185;52.667110;1177;312;88622.98;34
2019-06-13 15:39:50.772079;3731771;735;-106;7;21.000111;52.667370;1182;310;88576.44;34
2019-06-13 15:39:55.772737;3736780;736;-107;7;21.000057;52.667652;1186;311;88529.30;34
2019-06-13 15:40:00.772367;3741788;737;-105;7;20.999981;52.667938;1191;309;88491.73;34
2019-06-13 15:40:05.773012;3746797;738;-108;7;20.999895;52.668228;1195;309;88446.61;34
2019-06-13 15:40:10.773612;3751806;739;-119;7;20.999809;52.668514;1199;309;88409.81;34
2019-06-13 15:40:15.774219;3756814;740;-115;7;20.999727;52.668800;1202;309;88366.74;34
2019-06-13 15:40:20.772879;3761821;741;-105;7;20.999657;52.669075;1205;309;88331.25;34
2019-06-13 15:40:25.772512;3766830;742;-107;7;20.999590;52.669369;1209;310;88314.97;34
2019-06-13 15:40:30.773109;3771839;743;-112;7;20.999533;52.669655;1212;308;88272.44;34
2019-06-13 15:40:35.771741;3776846;744;-112;7;20.999474;52.669949;1216;308;88235.27;34
2019-06-13 15:40:40.771371;3781854;745;-110;7;20.999424;52.670258;1220;306;88194.83;35
2019-06-13 15:40:45.772031;3786862;746;-113;7;20.999346;52.670547;1224;306;88156.76;35
2019-06-13 15:40:50.773668;3791873;747;-105;7;20.999252;52.670822;1227;306;88117.59;35
2019-06-13 15:40:55.772402;3796880;748;-110;7;20.999153;52.671108;1231;306;88081.56;35
2019-06-13 15:41:00.772951;3801889;749;-120;7;20.999048;52.671387;1234;305;88039.04;35
2019-06-13 15:41:05.771544;3806896;750;-110;7;20.998974;52.671673;1238;305;87993.96;35
2019-06-13 15:41:10.772191;3811905;751;-112;7;20.998903;52.671955;1243;305;87958.33;35
2019-06-13 15:41:15.772837;3816914;752;-105;7;20.998833;52.672237;1246;305;87912.12;35
2019-06-13 15:41:20.772443;3821921;753;-116;7;20.998791;52.672535;1249;305;87879.98;35
2019-06-13 15:41:25.773074;3826930;754;-108;7;20.998760;52.672829;1253;305;87851.55;35
2019-06-13 15:41:30.774701;3831940;755;-111;7;20.998726;52.673119;1257;304;87814.11;35
2019-06-13 15:41:35.773324;3836947;756;-108;7;20.998699;52.673416;1261;304;87778.27;35
2019-06-13 15:41:40.772972;3841955;757;-109;7;20.998672;52.673710;1265;304;87739.31;35
2019-06-13 15:41:45.773588;3846964;758;-111;7;20.998640;52.673996;1270;304;87695.55;35
2019-06-13 15:41:50.773220;3851972;759;-113;7;20.998594;52.674263;1277;302;87642.48;35
2019-06-13 15:41:55.772849;3856980;760;-120;6;20.998539;52.674503;1283;304;87570.48;35
2019-06-13 15:42:00.774476;3861991;761;-112;7;20.998474;52.674740;1287;303;87518.34;35
2019-06-13 15:42:05.773107;3866997;762;-112;7;20.998421;52.674992;1291;303;87478.58;35
2019-06-13 15:42:10.772717;3872006;763;-119;7;20.998409;52.675270;1296;302;87429.23;35
2019-06-13 15:42:15.773349;3877014;764;-111;7;20.998373;52.675560;1300;302;87376.03;35
2019-06-13 15:42:20.773479;3882022;765;-109;7;20.998331;52.675846;1303;301;87337.91;35
2019-06-13 15:42:25.774109;3887030;766;-118;7;20.998299;52.676125;1307;301;87303.80;35
2019-06-13 15:42:30.774736;3892039;767;-111;7;20.998276;52.676422;1311;299;87268.56;35
2019-06-13 15:42:35.772339;3897046;768;-117;6;20.998224;52.676735;1314;299;87223.54;36
2019-06-13 15:42:40.771004;3902052;769;-108;6;20.998161;52.677025;1316;299;87186.24;36
2019-06-13 15:42:45.773627;3907062;770;-106;7;20.998108;52.677311;1318;300;87163.28;35
2019-06-13 15:42:50.775251;3912072;771;-116;7;20.998045;52.677608;1321;299;87146.85;36
2019-06-13 15:42:55.772905;3917079;772;-110;7;20.997976;52.677891;1324;299;87122.27;36
2019-06-13 15:43:00.773620;3922088;773;-107;7;20.997936;52.678162;1327;298;87094.53;36
2019-06-13 15:43:05.774109;3927097;774;-110;7;20.997915;52.678440;1331;299;87054.23;36
2019-06-13 15:43:10.772742;3932104;775;-115;7;20.997881;52.678726;1335;297;87016.88;36
2019-06-13 15:43:15.772372;3937112;776;-109;7;20.997835;52.679024;1339;297;86982.22;36
2019-06-13 15:43:20.772999;3942121;777;-108;7;20.997774;52.679321;1343;297;86939.55;36
2019-06-13 15:43:25.774656;3947130;778;-119;7;20.997688;52.679607;1346;296;86909.84;36
2019-06-13 15:43:30.774285;3952138;779;-108;7;20.997620;52.679882;1351;297;86869.36;36
2019-06-13 15:43:35.773915;3957147;780;-121;7;20.997549;52.680168;1357;296;86816.36;36
2019-06-13 15:43:40.777551;3962156;781;-106;7;20.997484;52.680450;1363;295;86753.45;36
2019-06-13 15:43:45.777042;3967164;782;-108;7;20.997416;52.680748;1370;296;86692.33;36
2019-06-13 15:43:50.777767;3972173;783;-107;7;20.997372;52.681046;1376;295;86622.88;36
2019-06-13 15:43:55.775601;3977179;784;-106;7;20.997324;52.681351;1381;297;86567.22;36
2019-06-13 15:44:00.776601;3982188;785;-109;7;20.997250;52.681644;1385;296;86509.91;36
2019-06-13 15:44:05.776520;3987195;786;-110;7;20.997192;52.681934;1388;295;86470.48;36
2019-06-13 15:44:10.778153;3992205;787;-112;7;20.997149;52.682224;1392;295;86441.52;36
2019-06-13 15:44:15.779599;3997215;788;-112;7;20.997122;52.682514;1395;294;86405.03;36
2019-06-13 15:44:20.775457;4002220;789;-108;7;20.997114;52.682804;1399;294;86363.69;36
2019-06-13 15:44:25.776973;4007229;790;-108;7;20.997118;52.683105;1403;294;86336.34;36
2019-06-13 15:44:30.778231;4012238;791;-120;7;20.997129;52.683414;1406;293;86291.58;37
2019-06-13 15:44:35.776443;4017244;792;-119;7;20.997147;52.683727;1409;293;86266.57;37
2019-06-13 15:44:40.776789;4022252;793;-120;7;20.997169;52.684040;1412;291;86243.99;37
2019-06-13 15:44:45.776343;4027259;794;-108;7;20.997168;52.684357;1415;292;86208.27;37
2019-06-13 15:44:50.775922;4032267;795;-109;7;20.997147;52.684673;1419;290;86169.72;37
2019-06-13 15:44:55.777456;4037275;796;-105;7;20.997118;52.684978;1424;290;86134.14;37
2019-06-13 15:45:00.776734;4042283;797;-110;7;20.997078;52.685284;1429;289;86080.41;37
2019-06-13 15:45:05.775227;4047289;798;-110;6;20.997044;52.685577;1434;290;86026.50;37
2019-06-13 15:45:10.776667;4052297;799;-107;7;20.997005;52.685871;1440;289;85970.16;37
2019-06-13 15:45:15.778387;4057306;800;-118;7;20.996979;52.686165;1445;289;85924.51;37
2019-06-13 15:45:20.778345;4062315;801;-108;7;20.996935;52.686455;1451;290;85866.36;37
2019-06-13 15:45:25.776258;4067320;802;-119;6;20.996885;52.686737;1456;290;85819.99;37
2019-06-13 15:45:35.779727;4077340;803;-119;7;0.000000;52.687344;-31333;392;85717.55;37
2019-06-13 15:45:40.778374;4082346;804;-108;7;20.996750;52.687656;1470;290;85671.52;37
2019-06-13 15:45:45.779313;4087355;805;-115;7;20.996716;52.687988;1475;290;85625.66;37
2019-06-13 15:45:50.773901;4092359;806;-111;6;20.996664;52.688339;1481;289;85566.45;37
2019-06-13 15:45:55.777263;4097371;807;-116;7;20.996613;52.688690;1486;288;85512.94;37
2019-06-13 15:46:00.778231;4102379;808;-110;7;20.996563;52.689026;1490;287;85465.94;37
2019-06-13 15:46:05.775048;4107384;809;-110;6;20.996511;52.689373;1494;285;85423.74;38
2019-06-13 15:46:10.777411;4112394;810;-119;7;20.996429;52.689697;1499;286;85384.94;38
2019-06-13 15:46:15.779166;4117404;811;-119;7;20.996340;52.690018;1505;287;85336.88;37
2019-06-13 15:46:20.776831;4122411;812;-116;7;20.996252;52.690327;1513;285;85273.96;38
2019-06-13 15:46:25.778474;4127421;813;-110;7;20.996153;52.690670;1520;286;85189.53;38
2019-06-13 15:46:30.778623;4132429;814;-106;7;20.996048;52.691021;1528;286;85119.08;38
2019-06-13 15:46:35.777232;4137435;815;-119;7;20.995955;52.691380;1535;285;85041.09;38
2019-06-13 15:46:40.777578;4142444;816;-115;7;20.995842;52.691723;1542;284;84970.39;38
2019-06-13 15:46:45.776170;4147451;817;-107;7;20.995712;52.692089;1547;284;84908.98;38
2019-06-13 15:46:50.776755;4152460;818;-107;7;20.995556;52.692455;1551;284;84858.59;38
2019-06-13 15:46:55.776744;4157469;819;-108;7;20.995384;52.692825;1556;283;84822.81;38
2019-06-13 15:47:00.778842;4162479;820;-120;7;20.995214;52.693195;1561;282;84765.81;38
2019-06-13 15:47:05.778471;4167487;821;-111;7;20.995056;52.693554;1565;282;84711.44;38
2019-06-13 15:47:10.778071;4172494;822;-120;7;20.994892;52.693901;1569;281;84675.78;38
2019-06-13 15:47:15.778771;4177503;823;-108;7;20.994717;52.694244;1572;282;84632.70;38
2019-06-13 15:47:20.778090;4182511;824;-114;7;20.994572;52.694595;1574;281;84615.73;38
2019-06-13 15:47:25.778256;4187520;825;-110;7;20.994419;52.694954;1574;280;84597.59;38
2019-06-13 15:47:30.778583;4192529;826;-119;7;20.994261;52.695332;1573;280;84601.06;38
2019-06-13 15:47:35.777407;4197536;827;-109;7;20.994101;52.695717;1573;281;84611.26;38
2019-06-13 15:47:40.778000;4202545;828;-112;7;20.993921;52.696102;1574;279;84615.73;39
2019-06-13 15:47:45.775711;4207551;829;-121;6;20.993729;52.696480;1575;280;84605.88;39
2019-06-13 15:47:50.777838;4212562;830;-122;7;20.993509;52.696846;1577;279;84582.74;39
2019-06-13 15:47:55.779776;4217572;831;-115;7;20.993284;52.697205;1578;279;84579.11;39
2019-06-13 15:48:00.778410;4222579;832;-110;7;20.993082;52.697571;1579;278;84555.38;39
2019-06-13 15:48:05.777064;4227586;833;-118;7;20.992910;52.697960;1579;279;84569.66;39
2019-06-13 15:48:10.777212;4232595;834;-117;7;20.992725;52.698368;1579;278;84557.42;38
2019-06-13 15:48:15.776795;4237603;835;-108;7;20.992517;52.698769;1580;277;84548.73;39
2019-06-13 15:48:20.777555;4242611;836;-112;7;20.992292;52.699158;1582;277;84539.05;39
2019-06-13 15:48:25.777525;4247619;837;-108;7;20.992062;52.699547;1583;277;84525.19;39
2019-06-13 15:48:30.778436;4252629;838;-109;7;20.991842;52.699921;1583;276;84521.55;39
2019-06-13 15:48:35.776486;4257634;839;-114;6;20.991625;52.700287;1583;277;84529.36;39
2019-06-13 15:48:40.779552;4262645;840;-114;7;20.991405;52.700661;1582;277;84523.84;39
2019-06-13 15:48:45.778389;4267652;841;-109;7;20.991201;52.701042;1581;279;84531.80;39
2019-06-13 15:48:50.777958;4272660;842;-107;7;20.991003;52.701424;1579;279;84541.30;38
2019-06-13 15:48:55.776275;4277668;843;-108;7;20.990820;52.701813;1577;278;84564.44;38
2019-06-13 15:49:00.773933;4282676;844;-119;7;20.990631;52.702213;1574;277;84583.23;38
2019-06-13 15:49:05.773551;4287684;845;-116;7;20.990452;52.702610;1571;277;84603.41;38
2019-06-13 15:49:10.774130;4292692;846;-119;7;20.990282;52.703018;1568;277;84636.48;38
2019-06-13 15:49:20.774389;4302708;847;-115;7;20.989891;52.703861;1567;277;84675.52;39
2019-06-13 15:49:25.776043;4307718;848;-113;7;20.989656;52.704254;1566;275;84672.00;39
2019-06-13 15:49:30.775676;4312725;849;-111;7;20.989426;52.704651;1564;275;84688.97;39
2019-06-13 15:49:35.773309;4317731;850;-112;7;20.989187;52.705055;1563;276;84703.94;39
2019-06-13 15:49:40.775931;4322742;851;-118;7;20.988941;52.705448;1562;276;84706.91;39
2019-06-13 15:49:45.775564;4327749;852;-113;7;20.988686;52.705849;1560;277;84722.55;39
2019-06-13 15:49:50.775974;4332757;853;-115;7;20.988428;52.706249;1559;278;84739.98;39
2019-06-13 15:49:55.776630;4337766;854;-114;7;20.988197;52.706654;1559;279;84750.84;39
2019-06-13 15:50:00.774269;4342773;855;-115;7;20.987959;52.707062;1559;278;84751.91;38
2019-06-13 15:50:05.773891;4347780;856;-111;7;20.987736;52.707455;1561;279;84740.44;38
2019-06-13 15:50:10.775492;4352789;857;-116;7;20.987513;52.707855;1564;278;84716.69;38
2019-06-13 15:50:15.773179;4357795;858;-112;7;20.987295;52.708244;1568;279;84679.06;38
2019-06-13 15:50:20.777747;4362804;859;-117;7;20.987089;52.708630;1570;279;84655.25;38
2019-06-13 15:50:25.778512;4367813;860;-121;7;20.986887;52.709023;1571;279;84629.72;38
2019-06-13 15:50:30.777171;4372820;861;-119;7;20.986673;52.709431;1572;280;84613.52;38
2019-06-13 15:50:35.777414;4377828;862;-122;7;20.986456;52.709816;1572;282;84615.52;38
2019-06-13 15:50:40.779188;4382838;863;-116;7;20.986244;52.710186;1573;282;84612.41;38
2019-06-13 15:50:45.779729;4387846;864;-109;7;20.986046;52.710564;1573;283;84607.96;37
2019-06-13 15:50:50.779481;4392854;865;-109;7;20.985865;52.710915;1575;283;84599.69;37
2019-06-13 15:50:55.778529;4397860;866;-115;7;20.985691;52.711281;1577;282;84583.77;38
2019-06-13 15:51:00.779975;4402870;867;-111;7;20.985518;52.711655;1579;281;84555.14;38
2019-06-13 15:51:05.778567;4407876;868;-118;7;20.985350;52.711983;1581;281;84540.97;37
2019-06-13 15:51:10.779206;4412884;869;-119;7;20.985184;52.712311;1585;280;84512.66;38
2019-06-13 15:51:15.779787;4417893;870;-118;7;20.985023;52.712639;1586;282;84481.89;38
2019-06-13 15:51:20.780223;4422901;871;-114;7;20.984871;52.712963;1589;282;84468.97;37
2019-06-13 15:51:25.777934;4427907;872;-113;7;20.984730;52.713295;1591;283;84438.33;37
2019-06-13 15:51:30.779783;4432918;873;-116;7;20.984602;52.713634;1592;283;84421.06;37
2019-06-13 15:51:35.777606;4437924;874;-119;7;20.984472;52.713993;1593;283;84415.24;37
2019-06-13 15:51:40.778559;4442933;875;-119;7;20.984343;52.714363;1593;281;84414.58;38
2019-06-13 15:51:45.777394;4447941;876;-118;7;20.984201;52.714729;1594;281;84408.43;38
2019-06-13 15:51:50.778240;4452949;877;-111;7;20.984062;52.715103;1596;279;84394.03;38
2019-06-13 15:51:55.778533;4457958;878;-114;7;20.983908;52.715466;1598;281;84381.33;38
2019-06-13 15:52:00.778756;4462965;879;-111;7;20.983747;52.715832;1601;281;84353.42;38
2019-06-13 15:52:05.778204;4467973;880;-113;7;20.983603;52.716190;1603;282;84328.05;38
2019-06-13 15:52:10.779233;4472983;881;-113;7;20.983471;52.716553;1608;283;84301.44;37
2019-06-13 15:52:15.778556;4477990;882;-111;7;20.983330;52.716911;1611;283;84261.62;37
2019-06-13 15:52:20.777418;4482997;883;-114;7;20.983200;52.717270;1615;283;84214.09;37
2019-06-13 15:52:25.779283;4488007;884;-109;7;20.983089;52.717628;1621;283;84185.09;37
2019-06-13 15:52:30.778458;4493014;885;-113;7;20.982965;52.718006;1627;283;84124.47;37
2019-06-13 15:52:35.778462;4498022;886;-118;7;20.982859;52.718395;1633;284;84060.51;37
2019-06-13 15:52:40.777647;4503030;887;-111;7;20.982748;52.718800;1639;284;84001.22;37
2019-06-13 15:52:45.777958;4508037;888;-113;7;20.982622;52.719204;1644;283;83947.22;37
2019-06-13 15:52:50.777027;4513045;889;-109;7;20.982502;52.719620;1648;282;83893.78;37
2019-06-13 15:52:55.778398;4518055;890;-110;7;20.982372;52.720013;1652;284;83855.02;37
2019-06-13 15:53:00.780038;4523065;891;-117;7;20.982233;52.720398;1656;284;83819.75;37
2019-06-13 15:53:05.778753;4528072;892;-116;7;20.982107;52.720776;1661;285;83775.28;37
2019-06-13 15:53:10.779446;4533081;893;-110;7;20.982004;52.721149;1665;286;83732.78;37
2019-06-13 15:53:15.778081;4538087;894;-112;7;20.981909;52.721519;1668;287;83693.05;37
2019-06-13 15:53:20.779478;4543097;895;-110;7;20.981821;52.721882;1671;286;83661.03;37
2019-06-13 15:53:25.779050;4548104;896;-112;7;20.981754;52.722240;1674;290;83628.88;36
2019-06-13 15:53:30.779888;4553113;897;-108;7;20.981709;52.722607;1676;290;83597.27;36
2019-06-13 15:53:35.779989;4558121;898;-108;7;20.981655;52.722965;1679;294;83574.59;36
2019-06-13 15:53:40.777980;4563126;899;-120;7;20.981598;52.723331;1682;293;83559.23;36
2019-06-13 15:53:45.775283;4568134;900;-120;7;20.981543;52.723701;1685;293;83517.75;35
2019-06-13 15:53:50.774915;4573141;901;-115;7;20.981483;52.724068;1689;290;83485.95;36
2019-06-13 15:53:55.774543;4578149;902;-112;7;20.981434;52.724438;1692;290;83456.33;36
2019-06-13 15:54:00.776171;4583158;903;-110;7;20.981375;52.724815;1696;288;83420.06;36
2019-06-13 15:54:05.775801;4588165;904;-114;7;20.981295;52.725189;1700;288;83378.70;36
2019-06-13 15:54:10.777423;4593174;905;-116;7;20.981213;52.725544;1702;291;83350.20;36
2019-06-13 15:54:15.776025;4598180;906;-109;7;20.981159;52.725895;1704;295;83326.08;35
2019-06-13 15:54:20.773692;4603186;907;-116;6;20.981091;52.726250;1706;294;83299.05;35
2019-06-13 15:54:25.774428;4608195;908;-114;7;20.981026;52.726624;1706;296;83280.62;35
2019-06-13 15:54:30.776042;4613204;909;-111;7;20.980989;52.726994;1706;296;83286.91;35
2019-06-13 15:54:35.775639;4618211;910;-119;7;20.980947;52.727364;1707;292;83291.14;35
2019-06-13 15:54:40.776202;4623220;911;-120;7;20.980898;52.727734;1709;293;83284.32;35
2019-06-13 15:54:45.774854;4628226;912;-113;7;20.980852;52.728123;1711;293;83255.27;35
2019-06-13 15:54:50.774579;4633234;913;-122;7;20.980804;52.728519;1713;291;83242.48;35
2019-06-13 15:54:55.775205;4638242;914;-113;7;20.980757;52.728909;1715;289;83218.80;36
2019-06-13 15:55:00.774835;4643250;915;-117;6;20.980684;52.729275;1716;290;83205.19;35
2019-06-13 15:55:05.777458;4648260;916;-115;7;20.980604;52.729637;1717;290;83202.40;35
2019-06-13 15:55:10.777088;4653268;917;-117;7;20.980541;52.730003;1718;290;83189.96;35
2019-06-13 15:55:15.776687;4658276;918;-115;7;20.980513;52.730381;1720;292;83167.47;35
2019-06-13 15:55:20.776349;4663284;919;-118;7;20.980459;52.730766;1719;292;83162.59;35
2019-06-13 15:55:25.776975;4668293;920;-116;7;20.980400;52.731159;1719;292;83162.00;35
2019-06-13 15:55:30.777572;4673302;921;-117;7;20.980354;52.731541;1719;296;83168.80;34
2019-06-13 15:55:35.775285;4678309;922;-108;7;20.980301;52.731926;1719;293;83173.78;35
2019-06-13 15:55:40.775860;4683318;923;-117;7;20.980244;52.732304;1720;292;83161.86;35
2019-06-13 15:55:45.774468;4688325;924;-108;7;20.980164;52.732681;1721;292;83150.29;35
2019-06-13 15:55:50.775127;4693334;925;-111;7;20.980104;52.733067;1722;290;83146.48;35
2019-06-13 15:55:55.774725;4698342;926;-112;7;20.980042;52.733452;1722;290;83144.36;35
2019-06-13 15:56:00.776351;4703352;927;-108;7;20.979956;52.733849;1722;289;83146.34;35
2019-06-13 15:56:05.773985;4708359;928;-119;6;20.979864;52.734234;1723;289;83135.96;35
2019-06-13 15:56:10.776631;4713370;929;-112;7;20.979771;52.734604;1723;294;83135.38;35
2019-06-13 15:56:15.777258;4718379;930;-117;7;20.979733;52.734966;1725;299;83134.61;34
2019-06-13 15:56:20.776865;4723387;931;-112;7;20.979723;52.735340;1728;302;83101.73;34
2019-06-13 15:56:25.777542;4728396;932;-116;7;20.979700;52.735703;1731;306;83074.56;33
2019-06-13 15:56:30.777130;4733405;933;-115;7;20.979664;52.736069;1734;308;83035.92;33
2019-06-13 15:56:35.776760;4738413;934;-108;7;20.979652;52.736439;1736;312;83014.83;32
2019-06-13 15:56:40.776438;4743421;935;-113;7;20.979645;52.736813;1738;313;82994.77;32
2019-06-13 15:56:45.776013;4748428;936;-110;7;20.979649;52.737190;1739;309;82970.95;32
2019-06-13 15:56:50.776683;4753435;937;-117;6;20.979666;52.737583;1740;309;82966.14;32
2019-06-13 15:56:55.778119;4758445;938;-115;7;20.979700;52.737968;1740;308;82963.27;32
2019-06-13 15:57:00.779355;4763455;939;-109;7;20.979713;52.738358;1741;305;82953.34;33
2019-06-13 15:57:05.778186;4768463;940;-113;7;20.979708;52.738750;1741;304;82958.81;33
2019-06-13 15:57:10.775267;4773468;941;-109;6;20.979677;52.739124;1742;299;82947.34;33
2019-06-13 15:57:15.778691;4778480;942;-109;7;20.979683;52.739498;1744;300;82932.84;33
2019-06-13 15:57:20.780533;4783490;943;-117;122;20.979679;52.739868;1747;19242;-0.00;-113
2019-06-13 15:57:30.780267;4793507;944;-112;7;20.979666;52.740578;1752;306;82865.61;32
2019-06-13 15:57:35.777503;4798515;945;-112;7;20.979670;52.740936;1755;310;82836.02;32
2019-06-13 15:57:40.775252;4803522;946;-109;7;20.979683;52.741295;1759;313;82805.66;32
2019-06-13 15:57:45.776756;4808532;947;-110;7;20.979691;52.741661;1763;313;82763.41;31
2019-06-13 15:57:50.775439;4813540;948;-107;7;20.979700;52.742031;1768;317;82726.73;31
2019-06-13 15:57:55.776989;4818550;949;-113;7;20.979692;52.742405;1773;316;82677.53;31
2019-06-13 15:58:00.777643;4823558;950;-106;7;20.979723;52.742786;1778;313;82633.20;31
2019-06-13 15:58:05.776301;4828565;951;-114;7;20.979765;52.743156;1784;315;82570.13;31
2019-06-13 15:58:10.776902;4833575;952;-109;7;20.979813;52.743526;1790;317;82513.27;31
2019-06-13 15:58:15.777505;4838584;953;-117;7;20.979864;52.743916;1794;320;82462.55;30
2019-06-13 15:58:20.776168;4843592;954;-111;7;20.979904;52.744308;1799;314;82422.59;31
2019-06-13 15:58:25.777787;4848602;955;-111;7;20.979942;52.744709;1804;310;82370.83;31
2019-06-13 15:58:30.777443;4853611;956;-110;7;20.979969;52.745106;1810;308;82320.36;32
2019-06-13 15:58:35.776051;4858618;957;-114;7;20.979998;52.745514;1815;308;82275.39;32
2019-06-13 15:58:40.776653;4863628;958;-116;7;20.980043;52.745934;1820;304;82214.66;32
2019-06-13 15:58:45.777313;4868637;959;-113;7;20.980076;52.746353;1825;301;82171.22;33
2019-06-13 15:58:50.775913;4873644;960;-116;7;20.980125;52.746773;1830;298;82118.07;33
2019-06-13 15:58:55.776571;4878654;961;-113;7;20.980207;52.747196;1832;294;82081.60;34
2019-06-13 15:59:00.777201;4883661;962;-114;7;20.980274;52.747612;1835;294;82053.97;34
2019-06-13 15:59:05.776829;4888670;963;-114;7;20.980335;52.748024;1838;292;82034.69;34
2019-06-13 15:59:10.776460;4893677;964;-115;7;20.980406;52.748436;1841;290;82000.95;35
2019-06-13 15:59:15.779181;4898686;965;-122;7;20.980488;52.748863;1845;287;81967.88;35
2019-06-13 15:59:20.780568;4903696;966;-122;7;20.980589;52.749306;1848;286;81938.94;35
2019-06-13 15:59:25.780129;4908702;967;-117;7;20.980650;52.749744;1852;286;81898.97;35
2019-06-13 15:59:30.781398;4913711;968;-113;7;20.980715;52.750191;1854;285;81876.23;35
2019-06-13 15:59:35.782025;4918720;969;-120;7;20.980776;52.750633;1856;288;81863.03;35
2019-06-13 15:59:40.779061;4923727;970;-123;7;20.980825;52.751060;1857;289;81843.00;35
2019-06-13 15:59:45.776692;4928733;971;-122;7;20.980894;52.751484;1859;292;81830.39;34
2019-06-13 15:59:50.774327;4933739;972;-120;6;20.980953;52.751911;1861;294;81801.98;34
2019-06-13 15:59:55.774954;4938747;973;-122;6;20.981003;52.752335;1862;299;81790.57;33
2019-06-13 16:00:00.777576;4943757;974;-121;7;20.981052;52.752754;1864;296;81777.73;34
2019-06-13 16:00:05.778202;4948766;975;-119;7;20.981115;52.753174;1866;299;81753.23;33
2019-06-13 16:00:10.775841;4953771;976;-123;7;20.981207;52.753609;1867;301;81739.24;33
2019-06-13 16:00:15.777463;4958780;977;-120;7;20.981300;52.754051;1869;293;81722.65;34
2019-06-13 16:00:20.777094;4963787;978;-121;7;20.981375;52.754486;1872;291;81699.40;34
2019-06-13 16:00:30.787325;4973812;979;-123;7;20.981550;52.755360;1876;289;81656.75;34
2019-06-13 16:00:35.776981;4978809;980;-124;7;20.981649;52.755798;1878;286;81628.68;35
2019-06-13 16:00:40.775606;4983816;981;-124;7;20.981739;52.756256;1881;286;81618.36;35
2019-06-13 16:00:45.777208;4988826;982;-121;7;20.981829;52.756699;1884;283;81580.66;35
2019-06-13 16:00:50.774875;4993831;983;-122;7;20.981918;52.757149;1886;284;81556.47;35
2019-06-13 16:00:55.784483;4998847;984;-124;7;2506102322044164112384.000000;52.757591;1856;283;81535.84;35
2019-06-13 16:01:00.788119;5003860;985;-123;7;20.982103;52.758030;1891;280;81516.75;35
2019-06-13 16:01:05.775729;5008855;986;-122;7;20.982178;52.758480;1895;281;81486.35;35
2019-06-13 16:01:10.776387;5013863;987;-124;7;20.982243;52.758930;1899;279;81454.83;35
2019-06-13 16:01:15.777981;5018873;988;-124;7;20.982302;52.759361;1905;277;81405.47;35
2019-06-13 16:01:20.776645;5023879;989;-124;7;20.982351;52.759762;1910;276;81346.30;35
2019-06-13 16:01:25.777241;5028888;990;-123;7;20.982405;52.760170;1915;276;81305.70;36
2019-06-13 16:01:30.777867;5033896;991;-122;7;20.982460;52.760590;1919;273;81257.06;36
2019-06-13 16:01:35.777498;5038904;992;-123;7;20.982479;52.761002;1923;273;81219.27;36
2019-06-13 16:01:40.776130;5043911;993;-123;7;20.982517;52.761417;1927;276;81181.78;36
2019-06-13 16:01:45.775793;5048919;994;-122;7;20.982559;52.761833;1932;275;81130.98;36
2019-06-13 16:01:50.775428;5053926;995;-122;7;20.982588;52.762241;1936;274;81093.98;36
2019-06-13 16:01:55.778044;5058937;996;-123;7;20.982613;52.762650;1940;279;81058.96;36
2019-06-13 16:02:00.777642;5063944;997;-123;7;20.982635;52.763050;1945;282;81012.36;35
2019-06-13 16:02:05.778306;5068953;998;-124;12;20.982656;52.763458;1949;2845;-0.00;10
2019-06-13 16:02:10.777900;5073960;999;-123;7;20.982685;52.763855;1953;286;80926.83;34
2019-06-13 16:02:15.778560;5078968;1000;-123;7;20.982721;52.764259;1959;288;80889.95;34
2019-06-13 16:02:25.777813;5088982;1001;-121;94;20.982792;52.765064;1968;291;80796.23;33
2019-06-13 16:02:35.778078;5098997;1002;-121;7;20.982841;52.765846;1977;294;80696.95;32
2019-06-13 16:02:40.775682;5104002;1003;-121;6;20.982868;52.766239;1982;294;80651.97;32
2019-06-13 16:02:45.775351;5109010;1004;-123;6;20.982906;52.766613;1986;296;80605.97;32
2019-06-13 16:02:50.776379;5114016;1005;-122;5;20.982971;52.766987;1990;297;80564.88;31
2019-06-13 16:02:55.778705;5119027;1006;-121;6;20.983025;52.767357;1993;299;80530.59;31
2019-06-13 16:03:00.778420;5124034;1007;-123;6;20.983086;52.767715;1997;298;80501.84;31
2019-06-13 16:03:05.776109;5129039;1008;-124;5;20.983137;52.768074;2001;299;80458.77;30
2019-06-13 16:03:10.778935;5134049;1009;-123;6;20.983192;52.768433;2005;300;80420.41;30
2019-06-13 16:03:15.778152;5139056;1010;-122;6;20.983242;52.768791;2010;300;80374.28;30
2019-06-13 16:03:20.778228;5144064;1011;-120;6;20.983313;52.769161;2015;301;80323.96;30
2019-06-13 16:03:25.778532;5149072;1012;-119;6;20.983376;52.769527;2020;298;80273.20;30
2019-06-13 16:03:30.779307;5154081;1013;-120;6;20.983431;52.769897;2025;294;80224.16;31
2019-06-13 16:03:35.778824;5159088;1014;-121;6;20.983490;52.770271;2030;295;80180.53;31
2019-06-13 16:03:40.778970;5164095;1015;-121;6;20.983564;52.770653;2035;291;80131.44;31
2019-06-13 16:03:45.778880;5169104;1016;-122;6;20.983633;52.771027;2040;288;80075.66;32
2019-06-13 16:03:50.778463;5174111;1017;-121;6;20.983707;52.771397;2044;285;80029.97;32
2019-06-13 16:03:55.778829;5179120;1018;-123;6;20.983772;52.771778;2049;282;79984.58;32
2019-06-13 16:04:00.778189;5184128;1019;-123;6;20.983837;52.772160;2053;280;79938.34;33
2019-06-13 16:04:05.774505;5189134;1020;-122;6;20.983879;52.772545;2058;277;79894.12;33
2019-06-13 16:04:10.774136;5194143;1021;-122;6;20.983929;52.772942;2064;274;79842.59;34
2019-06-13 16:04:15.774798;5199150;1022;-121;6;20.983963;52.773319;2069;274;79800.05;34
2019-06-13 16:04:20.775424;5204159;1023;-119;6;20.984003;52.773697;2074;271;79761.12;34
2019-06-13 16:04:25.776128;5209169;1024;-119;6;20.984037;52.774059;2078;271;79715.78;34
2019-06-13 16:04:30.775753;5214176;1025;-122;6;20.984077;52.774414;2081;272;79678.34;34
2019-06-13 16:04:40.774943;5224190;1026;-121;6;20.984167;52.775135;2090;279;79602.38;33
2019-06-13 16:04:45.775536;5229199;1027;-124;41;0.000000;-0.000000;13475;19327;-0.00;-106
2019-06-13 16:04:50.776163;5234207;1028;-123;6;20.984240;52.775841;2098;282;79527.31;32
2019-06-13 16:04:55.776822;5239215;1029;-123;6;20.984268;52.776196;2103;283;79480.77;32
2019-06-13 16:05:00.776451;5244222;1030;-124;6;20.984310;52.776550;2109;284;79430.07;32
2019-06-13 16:05:05.775054;5249229;1031;-122;5;20.984343;52.776917;2115;286;79369.44;32
2019-06-13 16:05:10.776711;5254238;1032;-124;6;20.984369;52.777279;2121;287;79318.70;31
2019-06-13 16:05:15.776309;5259245;1033;-124;6;20.984396;52.777645;2127;288;79272.80;31
2019-06-13 16:05:20.775969;5264253;1034;-122;6;20.984465;52.778011;2133;290;79209.62;31
2019-06-13 16:05:40.775610;5284284;1035;-123;6;20.984688;52.779457;2156;292;78993.67;31
2019-06-13 16:05:45.779054;5289292;1036;-123;6;20.984755;52.779812;2161;292;78939.28;30
2019-06-13 16:05:50.778809;5294299;1037;-124;6;20.984819;52.780174;2167;292;78880.39;31
2019-06-13 16:05:55.778745;5299306;1038;-123;6;20.984892;52.780529;2173;291;78829.95;31
2019-06-13 16:06:05.778458;5309322;1039;-122;6;20.984999;52.781235;2183;293;78724.26;30
2019-06-13 16:06:10.779591;5314330;1040;-122;6;20.985069;52.781582;2188;295;78681.19;30
2019-06-13 16:06:20.778340;5324344;1041;-122;6;20.985239;52.782288;2195;294;78607.17;30
2019-06-13 16:06:25.779443;5329352;1042;-124;6;20.985313;52.782642;2199;291;78557.17;30
2019-06-13 16:06:30.778521;5334359;1043;-123;5;20.985395;52.783001;2203;287;78531.56;31
2019-06-13 16:06:35.777776;5339366;1044;-123;6;20.985477;52.783363;2208;292;78489.19;30
2019-06-13 16:06:40.778972;5344374;1045;-124;6;21.360540;-0.000000;2212;289;78442.34;31
2019-06-13 16:06:45.780015;5349382;1046;-123;6;20.985586;52.784042;2216;288;78413.26;31
2019-06-13 16:06:50.779554;5354390;1047;-122;6;20.985632;52.784374;2220;289;78374.55;30
2019-06-13 16:07:00.779514;5364404;1048;-123;6;20.985697;52.785046;2229;289;78290.95;30
2019-06-13 16:07:05.779144;5369411;1049;-121;6;20.985729;52.785389;2233;289;78252.79;30
2019-06-13 16:07:10.779775;5374419;1050;-123;11;-0.000000;28562.294922;20781;17845;0.00;22
2019-06-13 16:07:20.777996;5384434;1051;-123;6;20.985807;52.786423;2243;291;78145.80;30
2019-06-13 16:07:25.779663;5389443;1052;-122;6;20.985826;52.786774;2245;286;78115.05;30
2019-06-13 16:07:30.779281;5394450;1053;-122;6;20.985834;52.787125;2248;280;78090.91;31
2019-06-13 16:07:35.778912;5399458;1054;-122;6;20.985853;52.787495;2250;285;78070.03;31
2019-06-13 16:07:45.779168;5409474;1055;-123;6;20.985865;52.788223;2254;285;78041.17;30
2019-06-13 16:07:50.779797;5414482;1056;-122;6;20.985912;52.788593;2256;286;78024.00;30
2019-06-13 16:07:55.779391;5419490;1057;-122;6;20.986006;52.788967;2257;287;77998.67;30
2019-06-13 16:08:00.779373;5424498;1058;-123;6;20.986105;52.789333;2259;281;77998.25;30
2019-06-13 16:08:05.779024;5429506;1059;-122;6;20.986219;52.789692;2260;283;77985.84;30
2019-06-13 16:08:10.779642;5434514;1060;-122;6;20.986319;52.790051;2262;279;77973.70;30
2019-06-13 16:08:15.779272;5439522;1061;-122;6;20.986433;52.790421;2263;276;77959.64;31
2019-06-13 16:08:20.779855;5444530;1062;-122;6;20.986547;52.790787;2264;278;77945.01;31
2019-06-13 16:08:25.779519;5449538;1063;-122;6;20.986658;52.791142;2266;278;77936.89;31
2019-06-13 16:08:30.779159;5454546;1064;-122;6;20.986771;52.791515;2267;274;77915.46;31
2019-06-13 16:08:35.778786;5459554;1065;-122;5;20.986868;52.791878;2268;271;77903.36;31
2019-06-13 16:08:40.780415;5464564;1066;-122;6;20.986963;52.792244;2269;272;77901.79;31
2019-06-13 16:08:45.779037;5469571;1067;-122;6;20.987049;52.792606;2271;274;77895.17;31
2019-06-13 16:08:50.780672;5474580;1068;-122;6;612026173890756608.000000;52.792973;663;358;77866.33;31
2019-06-13 16:08:55.780303;5479589;1069;-121;6;20.987232;52.793339;2274;268;77848.55;32
2019-06-13 16:09:00.779934;5484596;1070;-122;6;20.987314;52.793705;2276;266;77838.02;32
2019-06-13 16:09:05.779551;5489604;1071;-122;6;20.987406;52.794064;2278;264;77805.02;33
2019-06-13 16:09:10.780178;5494613;1072;-120;6;20.987461;52.794415;2281;262;77781.15;33
2019-06-13 16:09:15.779384;5499620;1073;-120;6;20.987503;52.794762;2284;259;77749.80;33
2019-06-13 16:09:20.778973;5504628;1074;-121;6;20.987591;52.795109;2287;262;77711.36;33
2019-06-13 16:09:25.779645;5509637;1075;-121;6;20.987698;52.795467;2292;257;77661.61;33
2019-06-13 16:09:30.780268;5514645;1076;-120;6;20.987846;52.795834;2298;255;77605.50;33
2019-06-13 16:09:35.779889;5519653;1077;-121;6;20.987993;52.796181;2303;255;77559.95;33
2019-06-13 16:09:45.779149;5529668;1078;-121;6;20.988293;52.796860;2313;259;77479.19;33
2019-06-13 16:09:50.780773;5534677;1079;-121;6;20.988453;52.797188;2318;265;77433.14;32
2019-06-13 16:09:55.779420;5539684;1080;-120;6;20.988701;52.797535;2324;262;77383.12;32
2019-06-13 16:10:00.779036;5544692;1081;-121;6;20.988899;52.797886;2329;260;77325.86;32
2019-06-13 16:10:05.778631;5549699;1082;-123;6;-6397.207031;52.798248;-32353;3016;4.66;32
2019-06-13 16:10:10.779295;5554707;1083;-120;6;20.989307;52.798622;2338;254;77229.15;32
2019-06-13 16:10:15.779936;5559716;1084;-121;6;20.989523;52.799011;2344;253;77181.66;32
2019-06-13 16:10:20.779561;5564723;1085;-121;6;20.989788;52.799419;2349;255;77127.20;32
2019-06-13 16:10:25.780146;5569732;1086;-121;6;20.990072;52.799828;2356;250;77085.66;32
2019-06-13 16:10:30.779858;5574739;1087;-121;6;20.990314;52.800228;2361;251;77041.55;32
2019-06-13 16:10:35.779452;5579747;1088;-121;6;20.990555;52.800625;2367;250;76991.66;33
2019-06-13 16:10:40.778131;5584753;1089;-121;6;20.990795;52.801010;2373;249;76946.45;32
2019-06-13 16:10:45.779078;5589763;1090;-120;6;20.991039;52.801388;2380;246;76892.54;33
2019-06-13 16:10:50.779658;5594772;1091;-119;6;20.991278;52.801750;2388;242;76827.33;33
2019-06-13 16:10:55.779345;5599779;1092;-120;6;20.991543;52.802105;2395;243;76754.59;33
2019-06-13 16:11:00.780916;5604788;1093;-120;6;20.991819;52.802464;2400;243;76700.03;33
2019-06-13 16:11:05.779692;5609796;1094;-122;6;20.992077;52.802834;2403;244;76656.64;33
2019-06-13 16:11:10.780320;5614805;1095;-120;6;20.992332;52.803196;2406;245;76629.83;33
2019-06-13 16:11:15.779950;5619812;1096;-120;6;20.992613;52.803555;2409;249;76600.28;32
2019-06-13 16:11:20.779585;5624820;1097;-122;6;20.992908;52.803902;2414;250;76566.98;32
2019-06-13 16:11:25.780208;5629829;1098;-122;6;20.993195;52.804249;2417;251;76531.73;31
2019-06-13 16:11:30.780835;5634838;1099;-121;6;20.993473;52.804611;2419;253;76498.39;31
2019-06-13 16:11:35.780429;5639846;1100;-121;6;20.993729;52.804977;2422;252;76478.89;31
2019-06-13 16:11:40.780061;5644854;1101;-121;6;20.993992;52.805325;2424;253;76444.90;31
2019-06-13 16:11:45.779690;5649862;1102;-121;6;20.994255;52.805679;2425;257;76426.70;30
2019-06-13 16:11:50.779323;5654870;1103;-121;6;20.994513;52.806030;2428;256;76409.44;30
2019-06-13 16:12:00.780626;5664888;1104;-121;6;20.995054;52.806747;2434;261;76365.48;29
2019-06-13 16:12:05.780241;5669896;1105;-121;6;20.995317;52.807091;2436;258;76344.58;29
2019-06-13 16:12:10.780833;5674905;1106;-122;6;20.995564;52.807423;2437;260;76329.36;29
2019-06-13 16:12:15.780498;5679913;1107;-120;6;20.995810;52.807758;2439;260;76327.44;29
2019-06-13 16:12:20.780139;5684921;1108;-119;6;20.996063;52.808086;2440;260;76311.97;29
2019-06-13 16:12:25.780720;5689930;1109;-122;6;20.996294;52.808411;2442;258;76300.59;29
2019-06-13 16:12:30.781384;5694938;1110;-119;6;20.996546;52.808750;2445;259;76282.77;29
2019-06-13 16:12:35.781014;5699946;1111;-119;6;20.996799;52.809093;2447;257;76253.05;29
2019-06-13 16:12:40.780607;5704954;1112;-120;6;20.997061;52.809437;2449;258;76235.27;29
2019-06-13 16:12:45.781236;5709962;1113;-120;6;20.997299;52.809784;2450;258;76229.15;29
2019-06-13 16:12:50.779904;5714970;1114;-120;6;20.997570;52.810135;2451;259;76214.75;29
2019-06-13 16:12:55.781528;5719979;1115;-120;6;20.997824;52.810478;2453;258;76205.47;29
2019-06-13 16:13:00.781483;5724987;1116;-119;6;20.998081;52.810822;2454;259;76203.61;29
2019-06-13 16:13:10.780737;5735002;1117;-121;6;20.998566;52.811527;2456;260;76181.11;29
2019-06-13 16:13:15.781334;5740011;1118;-121;6;20.998785;52.811871;2457;260;76160.34;29
2019-06-13 16:13:25.780626;5750025;1119;-120;-113;-8.499616;52.812553;3350;1281;19548571648.00;64
2019-06-13 16:13:30.781253;5755034;1120;-121;6;20.999456;52.812904;2462;261;76129.58;28
2019-06-13 16:13:35.780884;5760042;1121;-121;6;20.999672;52.813255;2463;261;76108.00;28
