4342;1;-92;0;0.000000;0.000000;0;246;100476.41;34
9344;2;-91;0;0.000000;0.000000;0;247;100477.55;34
14346;3;-95;0;0.000000;0.000000;0;249;100478.66;34
19348;4;-94;0;0.000000;0.000000;0;250;100478.69;33
5634;1;-97;0;0.000000;0.000000;0;287;100519.88;29
10635;2;-102;0;0.000000;0.000000;0;287;100520.52;29
15637;3;-94;5;20.922146;52.136639;115;287;100520.98;29
20638;4;-95;6;20.922462;52.136578;109;288;100521.58;29
25639;5;-96;6;20.922462;52.136566;112;288;100522.25;29
30641;6;-105;6;20.922478;52.136559;116;288;100523.32;29
35642;7;-114;5;20.922493;52.136559;117;288;100523.78;29
40644;8;-106;4;20.922489;52.136578;116;288;100524.57;29
45646;9;-106;4;20.922482;52.136585;116;288;100525.75;29
50647;10;-106;4;20.922367;52.136623;116;288;100526.72;29
55649;11;-107;5;20.922302;52.136662;113;288;100527.55;30
60651;12;-107;6;20.922350;52.136665;110;288;100528.09;30
65653;13;-107;6;20.922426;52.136654;107;288;100528.70;30
70655;14;-106;6;20.922445;52.136665;105;288;100529.34;29
75657;15;-104;6;20.922440;52.136673;103;288;100530.44;29
80659;16;-105;6;20.922453;52.136677;101;288;100531.08;29
85661;17;-104;6;20.922441;52.136688;98;288;100531.76;29
90664;18;-104;5;20.922195;52.136772;85;288;100533.07;29
95666;19;-104;6;20.921888;52.136864;76;289;100533.78;29
100668;20;-105;5;20.921757;52.136902;71;289;100534.20;29
105671;21;-104;5;20.921730;52.136913;70;289;100535.06;29
110673;22;-104;4;20.921608;52.136948;69;289;100535.23;29
115676;23;-105;4;20.921577;52.136959;69;289;100536.06;29
120678;24;-105;4;20.921574;52.136951;68;289;100537.05;29
125681;25;-105;6;20.921631;52.136929;68;289;100537.45;29
130684;26;-104;6;20.921650;52.136909;69;289;100538.02;29
135687;27;-105;6;20.921762;52.136860;69;289;100538.56;29
140689;28;-105;6;20.921860;52.136845;70;289;100539.36;29
145692;29;-105;5;20.921921;52.136845;70;289;100539.72;29
150694;30;-97;5;20.921871;52.136864;70;289;100540.11;29
155697;31;-101;5;20.921949;52.136848;71;289;100540.47;29
160699;32;-100;4;20.922186;52.136780;71;289;100541.58;29
1301006;1;-101;0;0.000000;0.000000;0;225;100426.93;64
1306009;2;-96;0;0.000000;0.000000;0;225;100426.42;64
1311012;3;-98;0;0.000000;0.000000;0;226;100426.45;64
1316015;4;-94;0;0.000000;0.000000;0;227;100426.16;58
1321018;5;-99;0;0.000000;0.000000;0;229;100426.45;54
1326021;6;-90;0;0.000000;0.000000;0;230;100426.30;51
1331024;7;-94;0;0.000000;0.000000;0;232;100426.45;48
1336027;8;-96;0;0.000000;0.000000;0;233;100426.48;47
1341030;9;-96;0;0.000000;0.000000;0;235;100426.12;46
1346033;10;-105;0;0.000000;0.000000;0;237;100426.20;45
1351036;11;-102;0;0.000000;0.000000;0;238;100426.12;45
1356039;12;-101;0;0.000000;0.000000;0;240;100426.38;44
1361042;13;-96;0;0.000000;0.000000;0;242;100426.67;43
1366045;14;-105;0;0.000000;0.000000;0;244;100426.78;43
1371048;15;-103;0;0.000000;0.000000;0;246;100427.17;42
1376051;16;-99;0;0.000000;0.000000;0;248;100426.98;41
1381054;17;-112;0;0.000000;0.000000;0;250;100426.58;41
1386057;18;-98;0;0.000000;0.000000;0;252;100427.07;40
1391060;19;-108;0;0.000000;0.000000;0;254;100427.31;40
1396063;20;-107;0;0.000000;0.000000;0;256;100427.16;40
1401066;21;-103;0;0.000000;0.000000;0;258;100427.27;39
1406070;22;-109;0;0.000000;0.000000;0;260;100427.28;39
1411073;23;-104;0;0.000000;0.000000;0;261;100427.83;39
1416076;24;-107;0;0.000000;0.000000;0;263;100427.78;38
1421079;25;-97;0;0.000000;0.000000;0;265;100427.68;38
1426082;26;-100;0;0.000000;0.000000;0;266;100428.08;40
1431085;27;-98;0;0.000000;0.000000;0;268;100428.41;39
1436088;28;-97;0;0.000000;0.000000;0;270;100428.14;38
1441092;29;-95;0;0.000000;0.000000;0;271;100428.11;38
1446095;30;-97;0;0.000000;0.000000;0;273;100428.25;37
1451098;31;-104;0;0.000000;0.000000;0;274;100427.87;37
1456101;32;-94;0;0.000000;0.000000;0;276;100428.16;37
1461104;33;-101;0;0.000000;0.000000;0;277;100428.59;36
1466107;34;-102;0;0.000000;0.000000;0;279;100428.76;36
1471111;35;-102;0;0.000000;0.000000;0;280;100428.46;36
1476114;36;-99;0;0.000000;0.000000;0;282;100428.92;36
1481117;37;-109;0;0.000000;0.000000;0;283;100429.18;35
1486120;38;-101;0;0.000000;0.000000;0;285;100428.64;35
1491122;39;-95;0;0.000000;0.000000;0;286;100428.98;35
1496125;40;-104;0;0.000000;0.000000;0;287;100428.92;35
1501128;41;-107;0;0.000000;0.000000;0;289;100428.80;35
1506130;42;-100;0;0.000000;0.000000;0;291;100428.70;40
1511133;43;-98;0;0.000000;0.000000;0;292;100429.11;42
1516135;44;-106;0;0.000000;0.000000;0;294;100429.40;44
1521138;45;-100;0;0.000000;0.000000;0;295;100429.48;36
1526141;46;-100;0;0.000000;0.000000;0;296;100429.66;35
1531144;47;-108;0;0.000000;0.000000;0;297;100429.64;35
1536147;48;-99;0;0.000000;0.000000;0;298;100429.58;34
1541149;49;-97;0;0.000000;0.000000;0;299;100429.66;34
1546152;50;-97;0;0.000000;0.000000;0;299;100429.48;34
1551155;51;-102;0;0.000000;0.000000;0;300;100429.48;34
1556158;52;-96;0;0.000000;0.000000;0;301;100429.30;34
1561160;53;-96;0;0.000000;0.000000;0;301;100428.42;34
1566163;54;-105;0;0.000000;0.000000;0;301;100428.41;34
1571166;55;-95;0;0.000000;0.000000;0;302;100428.39;34
1576169;56;-101;0;0.000000;0.000000;0;302;100428.05;34
1581172;57;-104;0;0.000000;0.000000;0;303;100427.83;34
1586174;58;-99;0;0.000000;0.000000;0;303;100427.50;34
1591177;59;-105;0;0.000000;0.000000;0;303;100427.52;34
1596180;60;-100;0;0.000000;0.000000;0;304;100427.25;34
1601183;61;-94;0;0.000000;0.000000;0;304;100426.95;34
1606186;62;-96;0;0.000000;0.000000;0;304;100426.59;34
1611189;63;-98;0;0.000000;0.000000;0;304;100426.38;34
1616192;64;-99;0;0.000000;0.000000;0;305;100426.70;34
1621194;65;-96;0;0.000000;0.000000;0;305;100426.05;34
1626197;66;-97;0;0.000000;0.000000;0;305;100426.42;34
1631200;67;-98;0;0.000000;0.000000;0;305;100426.08;34
1636202;68;-98;0;0.000000;0.000000;0;306;100425.80;34
1641205;69;-97;0;0.000000;0.000000;0;306;100425.94;34
1646207;70;-112;0;0.000000;0.000000;0;306;100425.77;34
1651210;71;-104;0;0.000000;0.000000;0;306;100425.60;34
1656212;72;-95;0;0.000000;0.000000;0;306;100425.61;34
1661215;73;-93;0;0.000000;0.000000;0;306;100425.27;34
1666217;74;-101;0;0.000000;0.000000;0;307;100425.42;34
1671220;75;-101;0;0.000000;0.000000;0;307;100424.83;34
1676222;76;-95;0;0.000000;0.000000;0;307;100424.94;34
1681225;77;-90;0;0.000000;0.000000;0;307;100424.70;34
1686227;78;-94;0;0.000000;0.000000;0;307;100425.00;34
1691230;79;-99;0;0.000000;0.000000;0;307;100424.77;34
1696232;80;-94;0;0.000000;0.000000;0;307;100424.33;34
1701234;81;-89;0;0.000000;0.000000;0;307;100424.45;34
1706236;82;-87;0;0.000000;0.000000;0;307;100424.52;34
1711239;83;-88;0;0.000000;0.000000;0;307;100424.41;34
1716241;84;-87;0;0.000000;0.000000;0;307;100424.59;34
1721243;85;-91;0;0.000000;0.000000;0;307;100424.52;34
1726246;86;-91;0;0.000000;0.000000;0;307;100424.91;34
1731248;87;-92;0;0.000000;0.000000;0;307;100425.37;34
1736250;88;-89;0;0.000000;0.000000;0;308;100424.95;34
1741252;89;-89;0;0.000000;0.000000;0;308;100425.84;34
1746255;90;-89;0;0.000000;0.000000;0;308;100426.26;34
1751258;91;-91;0;0.000000;0.000000;0;308;100426.20;34
1756260;92;-90;0;0.000000;0.000000;0;308;100425.73;34
1761262;93;-89;0;0.000000;0.000000;0;308;100426.42;34
1766264;94;-91;0;0.000000;0.000000;0;308;100426.16;34
1771266;95;-89;0;0.000000;0.000000;0;308;100426.11;34
1776268;96;-89;0;0.000000;0.000000;0;308;100426.45;34
1781270;97;-86;0;0.000000;0.000000;0;308;100426.58;34
1786272;98;-86;0;0.000000;0.000000;0;309;100427.09;34
1791274;99;-89;0;0.000000;0.000000;0;309;100427.08;33
1796276;100;-89;0;0.000000;0.000000;0;309;100426.39;34
1801278;101;-90;0;0.000000;0.000000;0;309;100426.66;34
1806281;102;-90;0;0.000000;0.000000;0;309;100426.58;34
1811282;103;-93;0;0.000000;0.000000;0;309;100427.06;34
1816284;104;-92;0;0.000000;0.000000;0;309;100427.44;33
1821286;105;-93;0;0.000000;0.000000;0;309;100427.62;33
1826289;106;-93;0;0.000000;0.000000;0;310;100427.84;33
1831291;107;-87;0;0.000000;0.000000;0;310;100428.09;33
1836293;108;-90;0;0.000000;0.000000;0;310;100427.72;33
1841295;109;-87;0;0.000000;0.000000;0;310;100427.76;33
1846297;110;-90;0;0.000000;0.000000;0;310;100427.98;33
1851299;111;-93;0;0.000000;0.000000;0;310;100427.92;33
1856301;112;-93;0;0.000000;0.000000;0;310;100428.08;33
1861303;113;-92;0;0.000000;0.000000;0;311;100428.27;33
1866305;114;-88;0;0.000000;0.000000;0;311;100428.28;33
1871307;115;-88;0;0.000000;0.000000;0;311;100428.47;33
1876309;116;-95;0;0.000000;0.000000;0;311;100428.30;33
1881312;117;-89;0;0.000000;0.000000;0;311;100428.34;33
1886314;118;-94;0;0.000000;0.000000;0;311;100428.34;34
1891316;119;-89;0;0.000000;0.000000;0;312;100428.28;49
1896319;120;-92;0;0.000000;0.000000;0;312;100427.97;38
1901321;121;-93;0;0.000000;0.000000;0;313;100428.16;34
1906323;122;-85;0;0.000000;0.000000;0;313;100428.57;33
1911325;123;-89;0;0.000000;0.000000;0;313;100428.70;33
1916327;124;-92;0;0.000000;0.000000;0;313;100429.14;33
1921330;125;-97;0;0.000000;0.000000;0;314;100428.99;33
1926332;126;-91;0;0.000000;0.000000;0;314;100429.03;33
1931334;127;-87;0;0.000000;0.000000;0;314;100428.75;40
1936336;128;-89;0;0.000000;0.000000;0;315;100429.00;44
1941338;129;-92;0;0.000000;0.000000;0;316;100429.34;47
1946340;130;-96;0;0.000000;0.000000;0;317;100430.08;50
1951343;131;-104;0;0.000000;0.000000;0;318;100429.56;38
2013557;132;-96;0;0.000000;0.000000;0;295;100421.86;47
2018559;133;-100;0;0.000000;0.000000;0;295;100421.59;44
2023562;134;-87;0;0.000000;0.000000;0;296;100421.64;43
2028564;135;-84;0;0.000000;0.000000;0;296;100422.39;51
2033567;136;-89;0;0.000000;0.000000;0;297;100422.55;49
2038570;137;-85;0;0.000000;0.000000;0;298;100422.42;38
2043572;138;-89;0;0.000000;0.000000;0;299;100422.88;36
2048574;139;-85;0;0.000000;0.000000;0;300;100423.31;35
2053577;140;-86;0;0.000000;0.000000;0;300;100423.97;34
2058579;141;-87;0;0.000000;0.000000;0;301;100424.22;34
2063581;142;-86;0;0.000000;0.000000;0;302;100425.05;33
2068583;143;-90;0;0.000000;0.000000;0;303;100425.45;33
2073585;144;-89;0;0.000000;0.000000;0;304;100425.31;33
2078587;145;-90;0;0.000000;0.000000;0;304;100425.98;33
2083589;146;-90;0;0.000000;0.000000;0;305;100425.69;33
2088591;147;-87;0;0.000000;0.000000;0;306;100425.92;33
2093592;148;-88;0;0.000000;0.000000;0;307;100425.81;32
2098594;149;-90;0;0.000000;0.000000;0;308;100425.66;32
2103596;150;-90;0;0.000000;0.000000;0;308;100426.22;32
2108598;151;-91;0;0.000000;0.000000;0;309;100426.75;32
2113600;152;-87;0;0.000000;0.000000;0;310;100427.09;32
2118602;153;-91;0;0.000000;0.000000;0;310;100427.03;32
2123604;154;-91;0;0.000000;0.000000;0;311;100427.03;32
2128605;155;-91;0;0.000000;0.000000;0;311;100426.81;32
2133607;156;-90;0;0.000000;0.000000;0;312;100426.98;32
2138609;157;-92;0;0.000000;0.000000;0;312;100427.44;32
2143610;158;-89;0;0.000000;0.000000;0;313;100427.70;32
2148612;159;-89;0;0.000000;0.000000;0;313;100428.00;31
2153614;160;-88;0;0.000000;0.000000;0;314;100428.27;31
2158616;161;-87;0;0.000000;0.000000;0;314;100427.59;31
2163618;162;-87;0;0.000000;0.000000;0;315;100427.58;31
2168619;163;-89;0;0.000000;0.000000;0;315;100427.84;32
2173621;164;-86;0;0.000000;0.000000;0;316;100428.36;32
2178624;165;-90;0;0.000000;0.000000;0;316;100428.40;32
2183626;166;-91;0;0.000000;0.000000;0;316;100428.23;32
2188628;167;-84;0;0.000000;0.000000;0;317;100428.52;32
2193630;168;-84;0;0.000000;0.000000;0;317;100427.98;31
2198632;169;-84;0;0.000000;0.000000;0;317;100428.02;31
2203634;170;-83;0;0.000000;0.000000;0;317;100428.36;31
2208636;171;-90;0;0.000000;0.000000;0;318;100428.25;31
2213638;172;-90;0;0.000000;0.000000;0;318;100428.41;31
2218640;173;-91;0;0.000000;0.000000;0;319;100428.61;31
2223642;174;-89;0;0.000000;0.000000;0;319;100428.38;31
2228644;175;-86;0;0.000000;0.000000;0;319;100428.44;31
2233646;176;-88;0;0.000000;0.000000;0;320;100428.32;31
2238648;177;-84;0;0.000000;0.000000;0;320;100428.48;31
2243650;178;-84;0;0.000000;0.000000;0;320;100428.06;31
2248652;179;-84;0;0.000000;0.000000;0;320;100428.01;31
2253654;180;-88;0;0.000000;0.000000;0;321;100428.01;31
2258657;181;-86;0;0.000000;0.000000;0;321;100428.05;31
2263658;182;-84;0;0.000000;0.000000;0;321;100427.72;31
2268660;183;-87;0;0.000000;0.000000;0;321;100427.87;31
2273662;184;-89;0;0.000000;0.000000;0;321;100428.23;31
2278664;185;-90;0;0.000000;0.000000;0;321;100428.53;31
2283665;186;-90;0;0.000000;0.000000;0;321;100428.50;31
2288667;187;-90;0;0.000000;0.000000;0;321;100428.55;32
2293669;188;-87;0;0.000000;0.000000;0;321;100428.50;31
2298670;189;-89;0;0.000000;0.000000;0;321;100428.88;32
2303672;190;-86;0;0.000000;0.000000;0;321;100428.55;32
2308674;191;-87;0;0.000000;0.000000;0;321;100428.25;32
2313676;192;-89;0;0.000000;0.000000;0;320;100428.09;32
2318678;193;-89;0;0.000000;0.000000;0;320;100428.16;32
2323680;194;-89;0;0.000000;0.000000;0;320;100428.61;32
2328682;195;-89;0;0.000000;0.000000;0;320;100429.05;32
2333684;196;-86;0;0.000000;0.000000;0;320;100428.42;32
2338686;197;-85;0;0.000000;0.000000;0;320;100428.09;32
2343688;198;-86;0;0.000000;0.000000;0;320;100428.41;32
2348690;199;-87;0;0.000000;0.000000;0;319;100428.68;32
2353692;200;-87;0;0.000000;0.000000;0;319;100428.86;32
2358693;201;-86;0;0.000000;0.000000;0;319;100429.00;32
2363695;202;-95;0;0.000000;0.000000;0;319;100428.94;32
2368697;203;-84;0;0.000000;0.000000;0;319;100428.94;32
2373699;204;-83;0;0.000000;0.000000;0;319;100428.56;32
2378701;205;-86;0;0.000000;0.000000;0;318;100429.05;32
2383703;206;-88;0;0.000000;0.000000;0;318;100428.92;32
2388705;207;-94;0;0.000000;0.000000;0;318;100428.16;33
2393707;208;-86;0;0.000000;0.000000;0;317;100427.88;33
2398709;209;-83;0;0.000000;0.000000;0;317;100427.33;33
2403711;210;-91;0;0.000000;0.000000;0;317;100427.05;33
2408714;211;-83;0;0.000000;0.000000;0;317;100426.83;33
2413716;212;-87;0;0.000000;0.000000;0;316;100427.12;33
2418718;213;-95;0;0.000000;0.000000;0;316;100427.05;33
2423720;214;-89;0;0.000000;0.000000;0;316;100427.05;33
2428722;215;-86;0;0.000000;0.000000;0;316;100426.81;33
2433724;216;-90;0;0.000000;0.000000;0;316;100426.75;33
2438727;217;-48;0;0.000000;0.000000;0;316;100426.69;33
2443730;218;-46;0;0.000000;0.000000;0;316;100426.53;32
2448734;219;-53;0;0.000000;0.000000;0;316;100425.70;32
2453736;220;-55;0;0.000000;0.000000;0;316;100425.64;32
2458738;221;-48;0;0.000000;0.000000;0;316;100425.62;32
2463741;222;-54;0;0.000000;0.000000;0;316;100425.56;32
2468743;223;-50;0;0.000000;0.000000;0;316;100425.33;32
2473745;224;-47;0;0.000000;0.000000;0;317;100425.30;32
2478748;225;-51;0;0.000000;0.000000;0;317;100425.54;32
2483750;226;-52;0;0.000000;0.000000;0;317;100425.12;32
2488753;227;-44;0;0.000000;0.000000;0;317;100424.89;32
2493756;228;-41;0;0.000000;0.000000;0;317;100424.88;32
2498758;229;-49;0;0.000000;0.000000;0;317;100424.64;33
2503761;230;-53;0;0.000000;0.000000;0;316;100424.36;33
2508764;231;-66;0;0.000000;0.000000;0;316;100424.25;34
2513767;232;-62;0;0.000000;0.000000;0;315;100423.74;35
2518770;233;-55;0;0.000000;0.000000;0;314;100423.60;35
2523773;234;-59;0;0.000000;0.000000;0;314;100423.70;36
2528776;235;-58;0;0.000000;0.000000;0;313;100423.70;36
2533779;236;-63;0;0.000000;0.000000;0;313;100422.84;36
2538782;237;-63;0;0.000000;0.000000;0;313;100422.11;35
2543784;238;-55;0;0.000000;0.000000;0;312;100422.16;35
2548787;239;-59;0;0.000000;0.000000;0;312;100421.55;35
2553790;240;-59;0;0.000000;0.000000;0;312;100422.03;35
2558792;241;-80;0;0.000000;0.000000;0;311;100421.71;36
2563795;242;-61;0;0.000000;0.000000;0;311;100421.81;36
2568797;243;-61;0;0.000000;0.000000;0;311;100421.22;36
2573799;244;-63;0;0.000000;0.000000;0;310;100421.36;36
2578801;245;-66;0;0.000000;0.000000;0;310;100420.59;36
2583804;246;-69;0;0.000000;0.000000;0;310;100420.19;36
2588806;247;-75;0;0.000000;0.000000;0;309;100420.31;36
2593808;248;-79;0;0.000000;0.000000;0;309;100420.23;36
2598810;249;-76;0;0.000000;0.000000;0;309;100420.50;35
2603813;250;-80;0;0.000000;0.000000;0;308;100420.06;35
2608815;251;-83;0;0.000000;0.000000;0;308;100419.25;35
2613817;252;-79;0;0.000000;0.000000;0;307;100419.85;33
2618819;253;-92;0;0.000000;0.000000;0;306;100420.09;34
2623822;254;-83;0;0.000000;0.000000;0;305;100420.25;34
2628825;255;-87;0;0.000000;0.000000;0;303;100420.11;35
2633827;256;-88;0;0.000000;0.000000;0;302;100420.73;35
2638829;257;-94;0;0.000000;0.000000;0;301;100420.68;36
2643832;258;-95;0;0.000000;0.000000;0;300;100420.42;36
2648834;259;-84;0;0.000000;0.000000;0;298;100420.05;36
2653837;260;-85;0;0.000000;0.000000;0;297;100419.88;37
2658839;261;-87;0;0.000000;0.000000;0;296;100419.52;37
2663841;262;-90;0;0.000000;0.000000;0;294;100419.22;38
2668843;263;-89;0;0.000000;0.000000;0;292;100418.91;39
2673846;264;-83;0;0.000000;0.000000;0;289;100419.34;40
2678849;265;-83;0;0.000000;0.000000;0;287;100418.66;41
2683851;266;-70;0;0.000000;0.000000;0;285;100418.20;41
2688854;267;-79;0;0.000000;0.000000;0;283;100417.91;41
2693856;268;-79;0;0.000000;0.000000;0;281;100417.59;42
2698858;269;-74;0;0.000000;0.000000;0;280;100417.16;42
2703861;270;-72;0;0.000000;0.000000;0;279;100417.30;42
2708863;271;-68;0;0.000000;0.000000;0;278;100416.39;42
2713866;272;-65;0;0.000000;0.000000;0;277;100416.09;43
2718869;273;-61;0;0.000000;0.000000;0;277;100415.78;43
2723871;274;-64;0;0.000000;0.000000;0;277;100415.30;43
2728873;275;-73;0;0.000000;0.000000;0;276;100414.77;43
2733876;276;-61;0;0.000000;0.000000;0;276;100414.55;42
2738878;277;-62;0;0.000000;0.000000;0;276;100414.45;42
2743880;278;-71;0;0.000000;0.000000;0;276;100414.09;42
2748883;279;-78;0;0.000000;0.000000;0;276;100414.05;46
2753885;280;-68;0;0.000000;0.000000;0;276;100413.97;44
2758888;281;-62;0;0.000000;0.000000;0;277;100413.42;45
2763890;282;-63;0;0.000000;0.000000;0;277;100413.09;42
2768892;283;-61;0;0.000000;0.000000;0;278;100412.86;41
2773895;284;-69;0;0.000000;0.000000;0;278;100412.39;40
2778897;285;-60;0;0.000000;0.000000;0;278;100411.41;41
2783899;286;-64;0;0.000000;0.000000;0;279;100410.50;40
2788901;287;-62;0;0.000000;0.000000;0;279;100408.12;40
2793902;288;-69;0;0.000000;0.000000;0;279;100406.17;40
2798905;289;-77;0;0.000000;0.000000;0;280;100404.36;39
2803908;290;-64;0;0.000000;0.000000;0;280;100402.84;39
2808910;291;-72;0;0.000000;0.000000;0;281;100401.49;39
2813913;292;-78;0;0.000000;0.000000;0;281;100400.18;39
2818915;293;-76;0;0.000000;0.000000;0;282;100398.75;40
2823918;294;-82;0;0.000000;0.000000;0;282;100397.51;38
2828920;295;-80;0;0.000000;0.000000;0;283;100396.77;38
2833922;296;-84;0;0.000000;0.000000;0;283;100395.44;38
2838925;297;-89;0;0.000000;0.000000;0;284;100394.45;38
2843928;298;-82;0;0.000000;0.000000;0;284;100394.14;38
2848930;299;-84;0;0.000000;0.000000;0;285;100394.75;38
2853933;300;-75;0;0.000000;0.000000;0;285;100395.87;38
2858936;301;-76;0;0.000000;0.000000;0;286;100397.52;38
2863938;302;-84;0;0.000000;0.000000;0;286;100398.36;38
2868941;303;-66;0;0.000000;0.000000;0;287;100399.58;37
2873943;304;-60;0;0.000000;0.000000;0;287;100400.59;38
2878946;305;-74;0;0.000000;0.000000;0;287;100401.43;38
2883948;306;-64;0;0.000000;0.000000;0;288;100402.30;38
2888951;307;-72;0;0.000000;0.000000;0;288;100402.70;38
2893953;308;-62;0;0.000000;0.000000;0;288;100403.65;38
2898955;309;-71;0;0.000000;0.000000;0;289;100404.48;38
2903957;310;-57;0;0.000000;0.000000;0;289;100404.86;43
2908960;311;-58;0;0.000000;0.000000;0;289;100405.38;51
2913962;312;-59;0;0.000000;0.000000;0;289;100405.78;48
2918965;313;-60;0;0.000000;0.000000;0;289;100406.91;41
2923967;314;-62;0;0.000000;0.000000;0;290;100407.75;40
2928970;315;-62;0;0.000000;0.000000;0;290;100408.23;44
2933972;316;-60;0;0.000000;0.000000;0;290;100408.39;46
2938975;317;-57;0;0.000000;0.000000;0;290;100408.54;46
2943977;318;-60;0;0.000000;0.000000;0;290;100408.92;40
2948979;319;-54;0;0.000000;0.000000;0;291;100409.59;39
2953982;320;-46;0;0.000000;0.000000;0;291;100409.45;39
2958984;321;-39;0;0.000000;0.000000;0;291;100409.66;38
2963986;322;-41;0;0.000000;0.000000;0;291;100410.02;38
2968988;323;-46;0;0.000000;0.000000;0;291;100410.41;38
2973990;324;-44;0;0.000000;0.000000;0;291;100410.48;38
2978992;325;-40;0;0.000000;0.000000;0;291;100410.94;38
2983994;326;-48;0;0.000000;0.000000;0;291;100411.44;38
2988996;327;-44;0;0.000000;0.000000;0;291;100411.52;37
2993999;328;-46;0;0.000000;0.000000;0;291;100411.62;37
2999001;329;-40;0;0.000000;0.000000;0;292;100411.95;37
3004003;330;-36;0;0.000000;0.000000;0;292;100411.92;37
3009005;331;-46;0;0.000000;0.000000;0;292;100411.82;37
3014008;332;-38;0;0.000000;0.000000;0;292;100412.23;37
3019010;333;-47;0;0.000000;0.000000;0;293;100412.04;37
3024012;334;-38;0;0.000000;0.000000;0;293;100412.50;37
3029014;335;-42;0;0.000000;0.000000;0;293;100412.95;37
3034016;336;-56;0;0.000000;0.000000;0;293;100413.16;37
3039018;337;-52;0;0.000000;0.000000;0;293;100413.00;37
3044021;338;-52;0;0.000000;0.000000;0;293;100413.50;37
3049023;339;-50;0;0.000000;0.000000;0;293;100413.45;37
3054026;340;-56;0;0.000000;0.000000;0;293;100413.72;37
3059028;341;-50;0;0.000000;0.000000;0;293;100413.42;40
3064030;342;-46;0;0.000000;0.000000;0;294;100412.94;37
3069032;343;-38;0;0.000000;0.000000;0;294;100412.38;44
3074035;344;-35;0;0.000000;0.000000;0;294;100411.67;42
3079037;345;-33;0;0.000000;0.000000;0;294;100411.25;38
3084040;346;-45;0;0.000000;0.000000;0;295;100411.30;37
3089043;347;-50;0;0.000000;0.000000;0;295;100410.71;42
3094045;348;-45;0;0.000000;0.000000;0;296;100410.42;60
3099048;349;-44;0;0.000000;0.000000;0;297;100409.91;67
3104050;350;-43;0;0.000000;0.000000;0;297;100409.55;64
3109053;351;-43;0;0.000000;0.000000;0;298;100409.66;65
3114056;352;-41;0;0.000000;0.000000;0;298;100409.97;58
3119058;353;-33;0;0.000000;0.000000;0;299;100410.11;47
3124061;354;-35;0;0.000000;0.000000;0;299;100410.50;41
3129064;355;-35;0;0.000000;0.000000;0;300;100411.11;38
3134067;356;-36;0;0.000000;0.000000;0;301;100411.64;37
3139070;357;-41;0;0.000000;0.000000;0;301;100412.18;36
3144072;358;-38;0;0.000000;0.000000;0;302;100413.05;36
3149075;359;-41;0;0.000000;0.000000;0;302;100413.05;35
3150451;360;-110;114;0.000000;0.000000;0;294;-1928200399845583556182016.00;19
3154077;361;-38;0;0.000000;0.000000;0;303;100412.49;35
3159078;362;-35;0;0.000000;0.000000;0;303;100412.86;35
3164080;363;-42;0;0.000000;0.000000;0;304;100412.80;35
3169082;364;-47;0;0.000000;0.000000;0;304;100413.62;35
3174085;365;-42;0;0.000000;0.000000;0;304;100413.30;35
3179087;366;-41;0;0.000000;0.000000;0;304;100413.79;35
3184090;367;-38;0;0.000000;0.000000;0;304;100413.88;36
3189092;368;-38;0;0.000000;0.000000;0;304;100414.10;36
3194095;369;-42;0;0.000000;0.000000;0;304;100413.41;36
3199097;370;-39;0;0.000000;0.000000;0;304;100414.45;35
3204100;371;-56;0;0.000000;0.000000;0;304;100414.91;35
3209103;372;-47;0;0.000000;0.000000;0;304;100415.59;35
3214105;373;-40;0;0.000000;0.000000;0;305;100415.80;35
3219108;374;-43;0;0.000000;0.000000;0;305;100415.95;35
3224110;375;-39;0;0.000000;0.000000;0;305;100416.00;35
3229113;376;-38;0;0.000000;0.000000;0;305;100416.31;35
3234115;377;-28;0;0.000000;0.000000;0;305;100416.53;35
3239117;378;-36;0;0.000000;0.000000;0;305;100416.16;35
3244120;379;-32;0;0.000000;0.000000;0;305;100416.05;35
3249122;380;-32;0;0.000000;0.000000;0;306;100416.58;35
3254125;381;-56;0;0.000000;0.000000;0;306;100416.33;34
3259127;382;-47;0;0.000000;0.000000;0;306;100416.02;34
3264130;383;-61;0;0.000000;0.000000;0;306;100416.17;35
3269132;384;-40;0;0.000000;0.000000;0;307;100415.65;35
3274135;385;-35;0;0.000000;0.000000;0;307;100416.05;35
3279137;386;-38;0;0.000000;0.000000;0;307;100415.61;35
3284140;387;-50;0;0.000000;0.000000;0;307;100415.45;35
3289143;388;-52;0;0.000000;0.000000;0;307;100414.47;35
3294145;389;-46;0;0.000000;0.000000;0;307;100414.05;39
3299147;390;-55;0;0.000000;0.000000;0;307;100413.89;38
3304150;391;-41;0;0.000000;0.000000;0;308;100413.22;37
3309152;392;-54;0;0.000000;0.000000;0;308;100412.38;35
3314154;393;-44;0;0.000000;0.000000;0;309;100411.95;38
3319156;394;-42;0;0.000000;0.000000;0;309;100411.13;36
3324159;395;-43;0;0.000000;0.000000;0;309;100410.89;34
3329161;396;-53;0;0.000000;0.000000;0;310;100410.61;34
3334164;397;-41;0;0.000000;0.000000;0;310;100410.15;34
3339166;398;-52;0;0.000000;0.000000;0;310;100409.69;34
3344168;399;-44;0;0.000000;0.000000;0;310;100410.08;34
3349171;400;-59;0;0.000000;0.000000;0;310;100411.41;34
3354174;401;-57;0;0.000000;0.000000;0;311;100412.37;34
3359176;402;-50;0;0.000000;0.000000;0;311;100413.39;34
3364179;403;-55;0;0.000000;0.000000;0;310;100412.30;35
3369181;404;-57;0;0.000000;0.000000;0;310;100411.27;35
3374184;405;-56;0;0.000000;0.000000;0;310;100411.58;36
3379186;406;-51;0;0.000000;0.000000;0;310;100411.12;39
3384189;407;-52;0;0.000000;0.000000;0;310;100411.60;37
3389192;408;-52;0;0.000000;0.000000;0;310;100411.80;36
3394195;409;-52;0;0.000000;0.000000;0;309;100411.73;35
3399197;410;-50;0;0.000000;0.000000;0;309;100412.08;35
3404200;411;-56;0;0.000000;0.000000;0;309;100412.12;36
3409203;412;-50;0;0.000000;0.000000;0;309;100412.20;35
3414205;413;-48;0;0.000000;0.000000;0;309;100412.48;35
3419208;414;-64;0;0.000000;0.000000;0;308;100411.42;36
3424210;415;-60;0;0.000000;0.000000;0;308;100410.77;39
3429213;416;-51;0;0.000000;0.000000;0;308;100409.72;42
3434215;417;-50;0;0.000000;0.000000;0;308;100408.98;44
3439218;418;-58;0;0.000000;0.000000;0;308;100408.62;42
3444220;419;-55;0;0.000000;0.000000;0;308;100408.05;37
3449222;420;-53;0;0.000000;0.000000;0;308;100407.52;36
3454224;421;-48;0;0.000000;0.000000;0;308;100407.58;35
3459226;422;-45;0;0.000000;0.000000;0;308;100407.28;35
3464229;423;-48;0;0.000000;0.000000;0;308;100407.38;35
3469231;424;-42;0;0.000000;0.000000;0;308;100406.75;35
3474234;425;-49;0;0.000000;0.000000;0;308;100407.17;35
3479236;426;-58;0;0.000000;0.000000;0;308;100407.75;35
3484239;427;-61;0;0.000000;0.000000;0;308;100408.12;35
3489241;428;-64;0;0.000000;0.000000;0;308;100409.11;35
3494244;429;-62;0;0.000000;0.000000;0;308;100409.89;35
3499246;430;-42;0;0.000000;0.000000;0;308;100410.74;35
3504248;431;-47;0;0.000000;0.000000;0;308;100410.54;35
3509251;432;-43;0;0.000000;0.000000;0;307;100409.86;36
3514254;433;-48;0;0.000000;0.000000;0;307;100409.22;36
3720744;434;-110;0;0.000000;0.000000;0;307;100433.70;59
3870;1;-82;6;20.746038;52.066799;132;397;100178.26;40
8870;2;-67;6;20.746046;52.066792;132;398;100179.77;41
13870;3;-66;6;20.746048;52.066780;132;398;100180.24;41
5732;1;-66;7;20.746054;52.066780;132;401;100180.70;40
10733;2;-68;7;20.746058;52.066784;132;402;100181.16;40
15734;3;-67;7;20.746050;52.066780;132;403;100180.85;40
20736;4;-68;7;20.746052;52.066780;132;404;100181.18;40
25737;5;-64;7;20.746052;52.066780;132;405;100181.25;40
30739;6;-68;7;20.746054;52.066780;132;406;100181.98;40
35741;7;-69;7;20.746058;52.066776;132;406;100181.91;40
40742;8;-70;8;20.746056;52.066780;132;407;100182.09;40
45744;9;-69;8;20.746059;52.066780;132;408;100182.81;40
50745;10;-70;9;20.746054;52.066788;133;409;100183.20;40
55747;11;-68;8;20.746019;52.066807;132;409;100183.91;40
60749;12;-66;9;20.746012;52.066814;131;410;100184.34;40
65750;13;-67;10;20.746006;52.066822;130;411;100184.70;40
70751;14;-67;10;20.745993;52.066826;130;412;100184.51;40
75753;15;-68;10;20.745995;52.066830;129;413;100184.58;40
80754;16;-69;10;20.745991;52.066822;130;413;100185.28;40
85755;17;-67;10;20.745991;52.066818;131;414;100185.16;40
90756;18;-69;10;20.745995;52.066818;131;415;100185.92;40
95757;19;-71;10;20.745995;52.066818;131;416;100186.35;40
100758;20;-65;10;20.745998;52.066818;131;416;100186.61;40
105759;21;-71;10;20.746002;52.066818;131;417;100186.89;40
110761;22;-68;10;20.746004;52.066811;131;417;100187.35;40
115762;23;-68;10;20.746004;52.066807;131;418;100188.34;40
120763;24;-67;10;20.746002;52.066807;131;419;100189.03;40
125765;25;-67;10;20.746006;52.066811;130;419;100190.06;40
130766;26;-68;10;20.746010;52.066807;130;420;100190.16;40
135767;27;-70;10;20.746014;52.066807;130;420;100190.92;40
140768;28;-71;10;20.746014;52.066807;130;421;100191.29;40
145769;29;-73;10;20.746016;52.066807;130;421;100192.01;40
150770;30;-79;10;20.746017;52.066807;130;422;100191.77;40
155771;31;-76;10;20.746019;52.066811;130;422;100191.69;40
160772;32;-69;11;20.746021;52.066811;130;423;100191.58;40
165773;33;-64;11;20.746023;52.066811;130;423;100192.41;40
170774;34;-66;11;20.746025;52.066811;130;424;100192.41;40
175775;35;-67;11;20.746031;52.066814;130;424;100192.45;40
180776;36;-67;11;20.746035;52.066814;130;425;100193.02;40
185777;37;-70;11;20.746033;52.066814;130;425;100193.86;40
190778;38;-69;11;20.746040;52.066811;130;426;100194.45;40
195779;39;-69;11;20.746044;52.066811;130;426;100195.30;40
200780;40;-66;11;20.746044;52.066814;130;427;100195.75;40
205781;41;-65;11;20.746046;52.066818;130;427;100196.20;40
210782;42;-70;11;20.746056;52.066814;129;427;100196.62;40
215782;43;-65;11;20.746058;52.066814;129;428;100196.83;40
220783;44;-67;11;20.746058;52.066811;129;428;100197.17;40
225785;45;-69;11;20.746058;52.066814;129;429;100197.72;40
230786;46;-63;11;20.746059;52.066814;129;429;100197.50;40
235787;47;-69;10;20.746065;52.066814;129;429;100198.02;40
240788;48;-75;10;20.746067;52.066814;129;430;100198.16;40
245789;49;-71;11;20.746067;52.066818;129;430;100198.25;40
250790;50;-71;11;20.746067;52.066818;129;431;100198.55;40
255792;51;-68;11;20.746067;52.066818;129;431;100198.70;40
260793;52;-68;11;20.746071;52.066818;129;431;100199.47;40
265794;53;-68;11;20.746075;52.066822;128;432;100200.02;40
270795;54;-67;11;20.746078;52.066826;128;432;100200.59;40
275796;55;-68;11;20.746082;52.066830;128;432;100200.47;40
280797;56;-67;11;20.746078;52.066830;128;433;100200.88;39
285798;57;-69;11;20.746077;52.066830;128;433;100200.94;39
290799;58;-68;11;20.746084;52.066830;127;433;100200.98;39
295801;59;-69;11;20.746086;52.066830;128;434;100201.14;39
300802;60;-68;11;20.746094;52.066826;127;434;100201.86;39
305803;61;-67;11;20.746096;52.066830;127;434;100202.02;39
310805;62;-70;11;20.746094;52.066830;127;435;100202.62;39
315806;63;-70;11;20.746098;52.066833;127;435;100202.25;39
320808;64;-69;11;20.746098;52.066830;127;435;100202.83;39
325809;65;-70;10;20.746101;52.066833;127;436;100203.41;39
330810;66;-69;10;20.746099;52.066833;127;436;100203.38;39
335811;67;-70;10;20.746098;52.066833;127;436;100203.95;39
340813;68;-71;10;20.746086;52.066837;126;437;100203.97;38
345814;69;-72;10;20.746084;52.066833;126;437;100204.48;37
350815;70;-70;10;20.746080;52.066814;127;437;100204.12;37
355816;71;-72;10;20.746082;52.066792;129;437;100204.55;38
360817;72;-71;9;20.746084;52.066757;131;437;100204.48;42
365818;73;-71;10;20.746099;52.066742;134;437;100204.69;38
370819;74;-68;9;20.746126;52.066723;136;437;100204.30;38
375821;75;-74;9;20.746153;52.066689;139;437;100204.47;46
380823;76;-74;10;20.746162;52.066624;144;435;100204.00;77
385825;77;-72;10;20.746256;52.066566;150;434;100203.19;46
390826;78;-70;10;20.746298;52.066330;156;433;100203.04;41
395828;79;-70;10;20.746265;52.066368;161;432;100202.73;38
400829;80;-74;10;20.746229;52.066418;163;431;100202.00;38
405831;81;-76;10;20.746233;52.066429;167;429;100201.75;38
410833;82;-75;10;20.746300;52.066528;165;428;100201.00;39
415835;83;-78;10;20.746374;52.066544;166;427;100200.34;38
420837;84;-79;10;20.746361;52.066467;170;426;100199.77;38
425839;85;-80;10;20.746355;52.066425;174;425;100199.56;41
430841;86;-77;10;20.746300;52.066517;173;423;100199.73;39
435843;87;-76;10;20.746304;52.066532;172;422;100199.48;39
440845;88;-76;9;20.746334;52.066528;173;421;100200.16;40
445847;89;-65;8;20.746422;52.066525;174;420;100199.97;41
450849;90;-67;10;20.746368;52.066555;173;419;100199.52;40
455851;91;-71;10;20.746367;52.066563;173;418;100197.37;38
460853;92;-64;9;20.746328;52.066589;170;418;100195.70;37
465855;93;-68;7;20.746294;52.066593;167;418;100194.44;37
470856;94;-68;10;20.746267;52.066612;165;418;100192.98;37
475858;95;-69;10;20.746250;52.066628;163;418;100192.30;37
480860;96;-69;10;20.746243;52.066639;163;419;100191.52;37
485861;97;-68;10;20.746252;52.066654;161;418;100191.25;37
490863;98;-77;9;20.746283;52.066620;162;418;100190.83;42
495865;99;-83;9;20.746319;52.066551;165;417;100190.15;38
500866;100;-75;10;20.746405;52.066471;170;415;100190.16;40
505868;101;-70;9;20.746321;52.066395;175;414;100190.00;39
510870;102;-70;10;20.746275;52.066402;177;413;100190.28;38
515871;103;-81;9;20.746284;52.066399;178;412;100190.52;39
520873;104;-73;10;20.746367;52.066402;181;410;100190.90;39
525875;105;-66;9;20.746441;52.066380;185;409;100191.22;38
530877;106;-58;9;20.746103;52.066395;186;407;100191.19;38
535879;107;-64;10;20.746393;52.066490;186;405;100190.66;40
540882;108;-47;10;20.746475;52.066635;184;403;100190.67;41
545884;109;-58;10;20.746588;52.066628;186;400;100189.56;40
550886;110;-49;10;20.746569;52.066589;185;397;100188.52;40
555888;111;-50;9;20.746313;52.066475;189;395;100187.77;43
560890;112;-51;11;20.746546;52.066673;190;392;100187.14;40
565892;113;-58;10;20.746548;52.066689;190;389;100186.73;41
570894;114;-62;8;20.746626;52.066608;191;386;100186.25;40
575897;115;-49;9;20.746662;52.066582;192;382;100186.16;40
580899;116;-58;10;20.746572;52.066605;189;378;100185.34;42
585901;117;-47;9;20.746532;52.066689;187;374;100184.81;43
590903;118;-53;9;20.746492;52.066719;184;371;100184.24;45
595906;119;-50;10;20.746466;52.066730;180;368;100184.48;46
600908;120;-51;10;20.746389;52.066730;175;365;100183.80;43
605910;121;-53;10;20.746368;52.066742;172;361;100183.86;43
610912;122;-53;10;20.746361;52.066750;172;358;100183.11;58
615914;123;-55;11;20.746359;52.066742;172;355;100183.00;53
620916;124;-50;11;20.746355;52.066738;172;352;100182.92;49
625918;125;-54;11;20.746323;52.066727;171;349;100182.61;44
630920;126;-56;11;20.746323;52.066730;171;345;100182.71;45
635922;127;-55;11;20.746302;52.066753;170;342;100182.95;46
640923;128;-52;11;20.746286;52.066753;169;338;100183.52;47
645925;129;-61;10;20.746286;52.066753;169;334;100183.27;47
650926;130;-49;10;20.746294;52.066757;169;330;100183.08;47
655928;131;-63;11;20.746277;52.066776;169;327;100182.83;47
660929;132;-52;10;20.746277;52.066784;167;324;100183.92;48
665930;133;-57;10;20.746286;52.066780;167;321;100183.38;48
670932;134;-60;10;20.746264;52.066788;165;318;100183.66;49
675933;135;-46;10;20.746248;52.066788;163;315;100184.69;48
680934;136;-52;10;20.746260;52.066803;159;312;100185.13;49
685935;137;-54;11;20.746216;52.066822;158;309;100185.31;48
690936;138;-39;11;20.746124;52.066875;156;305;100186.98;49
695937;139;-31;11;20.746138;52.066887;154;302;100187.03;50
700938;140;-37;11;20.746140;52.066902;154;299;100186.19;49
705939;141;-55;11;20.746124;52.066875;153;296;100186.17;49
710939;142;-66;11;20.746124;52.066837;154;294;100185.86;50
715940;143;-50;11;20.746178;52.066818;154;291;100185.04;50
720941;144;-61;11;20.746197;52.066818;154;289;100183.61;51
725943;145;-55;11;20.746202;52.066807;154;287;100183.42;50
730943;146;-57;11;20.746225;52.066803;154;284;100182.80;50
735944;147;-61;11;20.746296;52.066746;155;282;100183.73;51
740945;148;-75;11;20.746515;52.066593;155;281;100180.73;49
745946;149;-67;10;20.746872;52.066460;153;280;100169.34;48
750948;150;-70;10;20.747311;52.066238;154;278;100156.38;47
755949;151;-85;11;20.747692;52.066231;151;277;100135.01;46
760950;152;-77;10;20.748396;52.065994;149;276;100108.00;46
765952;153;-85;10;20.749033;52.065739;153;276;100076.28;45
770953;154;-76;10;20.749567;52.065529;155;275;100042.60;45
775954;155;-77;9;20.750105;52.065289;157;274;100008.95;45
780955;156;-82;9;20.750700;52.064999;158;273;99975.80;46
785957;157;-85;7;20.751329;52.064732;160;272;99944.45;46
790959;158;-80;9;20.751989;52.064480;161;271;99914.25;46
795961;159;-90;10;20.752638;52.064270;164;270;99883.47;46
800964;160;-82;10;20.753246;52.064056;167;269;99851.14;46
805967;161;-82;10;20.753912;52.063755;172;268;99816.55;46
810969;162;-88;9;20.754583;52.063499;184;268;99777.41;46
815972;163;-74;9;20.755272;52.063278;193;267;99735.16;46
820974;164;-81;10;20.755966;52.063046;200;267;99688.31;46
825976;165;-93;9;20.756697;52.062805;208;266;99636.62;46
830979;166;-85;9;20.757452;52.062588;216;266;99580.77;43
835981;167;-92;8;20.758181;52.062351;227;266;99521.39;45
840984;168;-98;8;20.758936;52.062084;235;266;99459.18;45
845986;169;-89;10;20.759706;52.061825;245;266;99397.24;45
850988;170;-82;8;20.760466;52.061535;254;266;99333.89;45
855990;171;-70;10;20.761251;52.061306;261;265;99272.80;45
860993;172;-84;9;20.762064;52.061054;267;265;99212.28;45
865995;173;-85;10;20.762873;52.060734;272;265;99154.11;45
870998;174;-83;9;20.763643;52.060402;278;265;99097.06;45
876000;175;-75;10;20.764391;52.060085;284;265;99042.62;45
881003;176;-75;8;20.765144;52.059772;289;265;98991.44;44
886006;177;-87;9;20.765886;52.059372;294;265;98943.46;45
891008;178;-97;7;20.766712;52.058998;299;264;98898.14;45
896011;179;-89;10;20.767553;52.058605;302;264;98856.17;45
901013;180;-82;10;20.768419;52.058243;305;264;98817.05;45
906015;181;-83;8;20.769304;52.057888;308;263;98781.56;45
911017;182;-78;10;20.770149;52.057549;310;263;98748.56;46
916019;183;-75;10;20.770988;52.057186;312;262;98718.09;46
921021;184;-78;6;20.771820;52.056839;313;262;98691.27;46
926024;185;-78;7;20.772736;52.056496;315;261;98667.19;46
931027;186;-85;6;20.773571;52.056217;314;261;98644.52;44
936029;187;-77;7;20.774538;52.055832;313;260;98622.70;45
941031;188;-87;7;20.775415;52.055523;313;260;98604.47;46
946033;189;-80;8;20.776152;52.055206;309;259;98587.88;46
951036;190;-86;9;20.777012;52.054939;305;259;98571.39;46
956037;191;-85;8;20.777943;52.054607;305;258;98556.20;46
961039;192;-102;10;20.778873;52.054268;304;257;98543.00;47
966041;193;-85;10;20.779804;52.053947;301;257;98530.27;47
971043;194;-95;9;20.780716;52.053608;300;256;98519.92;47
976044;195;-91;8;20.781591;52.053268;298;255;98511.92;47
981046;196;-87;8;20.782484;52.052956;297;255;98506.80;47
986048;197;-89;8;20.783348;52.052654;296;254;98503.93;48
991050;198;-85;9;20.784212;52.052353;295;253;98501.36;48
996052;199;-79;8;20.785101;52.052013;294;253;98497.05;48
1001054;200;-87;10;20.785990;52.051682;294;252;98491.78;48
1006056;201;-83;10;20.786882;52.051338;295;251;98484.00;48
1011058;202;-90;9;20.787779;52.051014;295;250;98475.41;48
1016060;203;-97;9;20.788759;52.050671;296;250;98466.60;48
1021062;204;-87;10;20.789696;52.050323;297;249;98459.59;49
1026064;205;-86;10;20.790604;52.049992;297;248;98452.57;49
1031066;206;-85;10;20.791512;52.049622;297;248;98447.05;49
1036068;207;-91;9;20.792431;52.049229;297;247;98440.72;49
1041070;208;-93;10;20.793388;52.048862;298;246;98434.47;49
1046072;209;-96;10;20.794329;52.048512;297;245;98430.95;49
1051074;210;-90;9;20.795242;52.048164;295;245;98429.77;49
1056076;211;-100;10;20.796141;52.047840;293;244;98431.77;49
1061078;212;-89;10;20.797045;52.047508;290;244;98436.45;49
1066080;213;-92;9;20.797792;52.047218;285;243;98443.39;49
1071082;214;-94;10;20.798758;52.046841;281;243;98451.88;49
1076084;215;-92;9;20.799656;52.046474;277;242;98460.97;49
1081086;216;-95;6;20.800621;52.046062;274;242;98470.54;49
1086088;217;-91;7;20.801510;52.045708;271;242;98480.28;49
1091089;218;-106;8;20.802353;52.045357;268;241;98489.11;49
1096091;219;-95;9;20.803226;52.044964;267;241;98496.03;49
1101093;220;-94;6;20.804106;52.044563;264;241;98502.66;49
1106095;221;-91;7;20.804945;52.044174;263;240;98510.72;49
1111098;222;-97;9;20.805811;52.043774;261;240;98520.16;49
1116100;223;-94;10;20.806671;52.043369;259;240;98530.90;49
1121103;224;-102;11;20.807554;52.042965;255;240;98545.05;49
1126105;225;-95;8;20.808434;52.042568;252;239;98560.78;49
1131108;226;-107;7;20.809313;52.042236;248;239;98577.45;49
1136110;227;-98;7;20.810156;52.041908;245;239;98595.04;49
1141112;228;-103;8;20.810991;52.041595;242;239;98612.34;49
1146115;229;-104;8;20.811871;52.041252;241;239;98627.89;49
1151118;230;-99;9;20.812723;52.040924;239;239;98641.22;49
1156120;231;-102;6;20.813602;52.040600;237;238;98653.78;49
1161121;232;-108;7;20.814444;52.040264;238;238;98662.77;49
1166124;233;-109;9;20.815292;52.039978;240;238;98669.59;49
1171127;234;-112;8;20.816040;52.039639;242;238;98674.06;49
1176129;235;-101;7;20.816908;52.039349;245;238;98675.85;49
1181132;236;-111;7;20.817795;52.039062;248;238;98675.26;49
1186134;237;-112;7;20.818556;52.038704;250;238;98672.88;49
1191136;238;-102;8;20.819429;52.038303;257;238;98668.31;49
1196138;239;-101;7;20.820238;52.037960;259;238;98661.59;49
1201140;240;-94;9;20.821062;52.037609;263;238;98651.75;49
1206141;241;-117;9;20.821850;52.037216;268;238;98640.09;49
1211143;242;-123;10;20.822668;52.036884;273;238;98625.82;49
1216146;243;-120;9;20.823534;52.036568;278;238;98608.70;49
1221148;244;-121;10;20.824347;52.036217;282;238;98591.59;49
1226149;245;-105;12;20.825142;52.035854;287;238;98574.30;49
1231151;246;-108;11;20.825970;52.035477;289;238;98555.30;49
1236153;247;-107;11;20.826742;52.035080;291;238;98533.84;49
1241155;248;-105;10;20.827570;52.034752;295;238;98511.45;49
1246157;249;-102;9;20.828394;52.034416;300;238;98488.88;49
1251159;250;-109;9;20.829229;52.034039;304;238;98465.77;49
1256160;251;-96;7;20.830021;52.033646;308;238;98440.34;49
1261162;252;-104;11;20.830799;52.033276;312;237;98414.98;49
1266164;253;-108;10;20.831583;52.032913;315;237;98388.62;49
1271166;254;-108;11;20.832348;52.032547;318;237;98362.14;49
1276168;255;-102;11;20.833138;52.032154;318;237;98337.02;49
1281169;256;-105;10;20.833950;52.031803;320;237;98312.46;49
1286171;257;-112;10;20.834688;52.031414;322;237;98290.16;49
1291174;258;-112;8;20.835430;52.031025;323;237;98268.62;49
1296176;259;-121;9;20.836103;52.030609;325;237;98247.22;49
1301177;260;-110;9;20.836863;52.030209;325;237;98226.16;49
1306179;261;-117;9;20.837631;52.029835;325;237;98204.16;49
1311181;262;-98;11;20.838417;52.029457;329;237;98180.04;49
1316183;263;-103;12;20.839149;52.029095;333;236;98153.54;49
1321186;264;-99;12;20.839956;52.028721;339;236;98124.52;49
1326188;265;-112;10;20.840679;52.028355;342;236;98093.17;49
1331190;266;-99;10;20.841398;52.028015;347;236;98059.05;49
1336193;267;-110;10;20.842148;52.027626;351;236;98021.81;49
1341196;268;-98;10;20.842882;52.027233;356;236;97985.39;49
1346198;269;-115;10;20.843651;52.026829;359;236;97948.55;49
1351201;270;-99;12;20.844479;52.026386;364;236;97911.41;49
1356204;271;-102;9;20.845270;52.025993;368;236;97873.82;49
1361206;272;-101;9;20.846098;52.025593;372;236;97836.83;49
1366208;273;-101;10;20.846889;52.025177;375;236;97799.79;48
1371211;274;-108;10;20.847712;52.024757;379;237;97761.56;48
1376213;275;-107;11;20.848576;52.024357;382;237;97721.16;48
1381215;276;-101;9;20.849398;52.023956;390;237;97680.14;48
1386217;277;-101;9;20.850176;52.023540;396;238;97638.63;47
1391219;278;-105;10;20.850945;52.023098;402;238;97597.08;47
1396221;279;-93;8;20.851700;52.022640;404;239;97555.30;47
1401223;280;-108;11;20.852474;52.022228;408;239;97512.88;47
1406226;281;-96;10;20.853235;52.021809;412;240;97470.69;47
1411228;282;-94;8;20.854006;52.021416;416;240;97427.80;47
1416231;283;-97;12;20.854774;52.020977;421;240;97382.58;47
1421233;284;-97;11;20.855549;52.020546;429;241;97336.62;47
1426237;285;-100;11;20.856234;52.020134;436;241;97288.83;47
1431239;286;-103;10;20.856915;52.019718;443;241;97239.27;47
1436242;287;-110;10;20.857626;52.019329;450;242;97187.41;47
1441245;288;-96;12;20.858318;52.018940;461;242;97135.08;47
1446247;289;-103;11;20.859013;52.018543;470;242;97080.58;47
1451249;290;-107;11;20.859688;52.018147;471;243;97025.36;47
1456252;291;-112;12;20.860369;52.017761;478;243;96970.49;47
1461254;292;-105;11;20.861088;52.017376;478;243;96912.81;47
1466256;293;-101;11;20.861759;52.016979;482;243;96856.52;47
1471259;294;-106;11;20.862457;52.016617;487;243;96798.49;47
3328;1;-120;12;20.864527;52.015442;517;243;96616.85;47
8329;2;-115;12;20.865246;52.015095;524;243;96555.93;47
13330;3;-106;11;20.865963;52.014702;527;243;96493.23;47
18332;4;-110;11;20.866613;52.014320;535;243;96428.06;47
23333;5;-99;10;20.867346;52.013954;543;243;96360.50;47
28336;6;-96;12;20.868126;52.013603;550;243;96292.28;47
33338;7;-97;11;20.868923;52.013287;559;243;96223.41;47
38340;8;-98;10;20.869631;52.012943;566;243;96154.19;47
43342;9;-99;9;20.870365;52.012634;571;243;96084.92;47
48343;10;-104;11;20.871128;52.012333;576;242;96016.52;47
53345;11;-104;10;20.871849;52.012020;582;242;95948.62;48
58347;12;-94;10;20.872576;52.011692;588;242;95879.94;48
63349;13;-94;11;20.873314;52.011368;593;242;95810.98;47
68350;14;-94;11;20.874043;52.011047;598;242;95729.50;47
73352;15;-91;11;20.874771;52.010742;604;242;95658.84;46
78355;16;-98;11;20.875496;52.010441;610;242;95585.59;47
83356;17;-97;11;20.876257;52.010174;618;242;95511.91;47
88359;18;-96;11;20.876961;52.009850;626;241;95434.28;47
93361;19;-95;11;20.877701;52.009560;635;241;95355.48;47
98363;20;-97;11;20.878483;52.009274;646;241;95274.11;47
103365;21;-106;11;20.879208;52.008972;654;241;95188.95;47
108367;22;-91;11;20.879936;52.008682;666;241;95102.38;48
113369;23;-94;11;20.880713;52.008396;677;240;95012.39;48
118371;24;-95;11;20.881521;52.008080;687;240;94920.81;48
123374;25;-98;11;20.882322;52.007820;695;239;94828.84;48
128376;26;-96;11;20.883127;52.007561;704;239;94737.03;48
133379;27;-101;10;20.883896;52.007271;712;238;94645.36;46
138381;28;-85;11;20.884647;52.006981;719;238;94553.81;48
143383;29;-94;11;20.885418;52.006683;731;237;94459.35;45
148384;30;-96;11;20.886238;52.006359;744;237;94362.28;48
153387;31;-90;11;20.887062;52.006046;751;237;94262.95;48
158389;32;-90;11;20.887930;52.005730;761;236;94161.84;48
163391;33;-104;11;20.888756;52.005424;771;236;94059.92;46
168393;34;-95;11;20.889574;52.005146;782;235;93957.15;48
173395;35;-95;11;20.890373;52.004848;789;234;93854.28;49
178397;36;-99;11;20.891190;52.004570;801;234;93751.88;49
183400;37;-93;11;20.892006;52.004288;810;233;93648.70;49
188402;38;-108;11;20.892794;52.004017;821;232;93536.16;50
193405;39;-95;10;20.893589;52.003777;830;232;93430.97;49
198407;40;-98;11;20.894394;52.003559;839;231;93322.73;49
203410;41;-93;11;20.895229;52.003338;849;230;93217.47;46
208412;42;-95;11;20.896114;52.003136;859;230;93114.75;49
213415;43;-108;11;20.896955;52.002911;869;229;93014.83;49
218418;44;-94;11;20.897749;52.002670;879;229;92915.97;50
223420;45;-91;11;20.898592;52.002445;887;228;92819.50;50
228423;46;-98;10;20.899403;52.002224;894;227;92724.70;50
233425;47;-105;10;20.900208;52.002007;900;226;92631.73;50
238428;48;-96;10;20.901030;52.001793;907;226;92538.44;50
243431;49;-94;11;20.901823;52.001579;916;225;92445.12;50
248433;50;-93;11;20.902700;52.001366;924;224;92353.03;50
253436;51;-92;11;20.903528;52.001190;934;224;92262.52;50
258439;52;-93;11;20.904354;52.000980;943;223;92171.84;51
263442;53;-104;10;20.905176;52.000797;951;222;92081.50;51
268445;54;-94;11;20.905981;52.000526;959;221;91990.95;51
273448;55;-99;11;20.906830;52.000294;968;221;91900.75;51
278450;56;-104;10;20.907677;52.000050;976;220;91809.56;51
283453;57;-95;10;20.908558;51.999809;981;219;91717.56;51
288456;58;-95;11;20.909426;51.999565;990;218;91625.30;52
293459;59;-92;11;20.910273;51.999329;998;218;91532.16;52
298462;60;-93;11;20.911142;51.999077;1009;217;91438.13;52
303465;61;-99;11;20.912041;51.998875;1020;216;91342.27;52
308468;62;-100;11;20.912874;51.998611;1029;215;91243.22;52
313471;63;-114;11;20.913675;51.998333;1039;214;91141.96;52
318475;64;-95;11;20.914499;51.998074;1049;214;91026.66;52
323478;65;-98;10;20.915354;51.997787;1066;213;90921.43;52
328481;66;-101;11;20.916185;51.997463;1082;212;90814.09;52
333485;67;-94;11;20.917048;51.997154;1093;211;90706.31;52
338488;68;-98;10;20.917944;51.996883;1106;210;90600.66;53
343491;69;-99;10;20.918819;51.996609;1117;209;90495.08;53
348494;70;-98;11;20.919725;51.996296;1128;209;90389.66;53
353496;71;-103;11;20.920658;51.995998;1138;208;90284.38;53
358498;72;-106;10;20.921604;51.995716;1150;207;90179.56;54
363501;73;-95;11;20.922529;51.995441;1161;206;90075.41;54
368503;74;-98;11;20.923441;51.995178;1171;205;89971.11;54
373505;75;-105;11;20.924335;51.994884;1183;204;89866.52;51
378507;76;-95;11;20.925303;51.994587;1195;203;89762.50;54
383508;77;-100;11;20.926216;51.994267;1206;202;89655.56;55
388510;78;-92;10;20.927126;51.994011;1219;201;89546.55;55
393512;79;-99;11;20.928061;51.993721;1229;200;89432.79;54
398513;80;-98;11;20.928972;51.993443;1240;199;89319.93;54
403514;81;-100;11;20.929869;51.993156;1250;198;89205.69;56
408516;82;-103;10;20.930798;51.992908;1262;197;89089.10;56
413517;83;-109;10;20.931622;51.992657;1273;195;88971.92;57
418518;84;-108;11;20.932491;51.992397;1285;194;88855.00;57
423519;85;-115;11;20.933363;51.992104;1294;193;88736.33;57
428520;86;-109;11;20.934193;51.991840;1304;192;88618.16;57
433522;87;-101;11;20.935045;51.991550;1317;190;88498.48;56
438524;88;-101;11;20.935902;51.991295;1330;189;88378.37;55
443525;89;-96;11;20.936806;51.991020;1344;188;88257.78;58
448526;90;-101;11;20.937672;51.990742;1354;187;88136.38;58
453527;91;-96;11;20.938566;51.990482;1367;186;88013.82;58
458528;92;-109;10;20.939449;51.990204;1378;185;87890.27;58
463529;93;-92;11;20.940346;51.989941;1390;184;87765.66;59
468529;94;-93;11;20.941235;51.989685;1402;183;87639.74;58
473530;95;-99;10;20.942116;51.989403;1415;181;87512.09;59
478531;96;-93;11;20.943014;51.989178;1426;180;87383.62;59
483532;97;-85;11;20.943888;51.988945;1435;179;87253.66;60
488533;98;-90;11;20.944780;51.988663;1447;178;87123.69;60
493533;99;-92;11;20.945683;51.988407;1461;177;86993.25;60
498534;100;-90;11;20.946608;51.988140;1473;176;86863.27;61
503535;101;-94;11;20.947557;51.987900;1486;175;86732.77;61
508535;102;-94;11;20.948456;51.987656;1500;173;86606.91;60
513536;103;-91;11;20.949394;51.987431;1513;173;86483.00;58
518537;104;-91;10;20.950321;51.987164;1526;171;86362.09;59
523538;105;-100;11;20.951269;51.986916;1538;170;86245.21;59
528538;106;-88;10;20.952171;51.986622;1549;169;86130.67;60
533539;107;-108;11;20.953098;51.986351;1560;168;86018.83;60
538539;108;-87;10;20.954073;51.986088;1573;167;85911.16;60
543540;109;-98;11;20.955029;51.985798;1583;166;85805.18;59
548540;110;-84;11;20.955986;51.985535;1590;165;85701.28;60
553541;111;-112;11;20.956957;51.985260;1600;164;85597.28;60
558541;112;-94;11;20.957939;51.985031;1608;163;85493.73;60
563541;113;-99;11;20.958910;51.984756;1612;162;85391.58;60
568542;114;-93;11;20.959877;51.984512;1620;162;85290.33;60
573542;115;-105;11;20.960827;51.984264;1628;161;85192.67;60
578542;116;-101;11;20.961725;51.984001;1636;160;85095.74;61
583543;117;-91;11;20.962622;51.983749;1644;159;85001.20;61
588543;118;-93;11;20.963524;51.983463;1652;158;84908.73;58
593544;119;-100;11;20.964449;51.983185;1658;157;84815.74;57
598544;120;-92;11;20.965427;51.982891;1666;156;84722.89;57
603545;121;-90;11;20.966360;51.982567;1675;155;84629.39;57
608545;122;-90;11;20.967310;51.982269;1683;154;84534.81;58
613545;123;-101;11;20.968292;51.981976;1694;154;84439.42;58
618546;124;-91;11;20.969193;51.981686;1704;153;84342.49;59
623547;125;-88;11;20.970171;51.981358;1716;152;84244.02;59
628547;126;-93;11;20.971109;51.981026;1725;151;84143.72;59
633548;127;-94;11;20.972023;51.980694;1734;150;84044.81;59
638548;128;-98;11;20.972984;51.980358;1742;149;83946.49;59
643548;129;-103;11;20.973900;51.980015;1751;148;83849.60;59
648549;130;-90;11;20.974815;51.979706;1759;147;83752.36;59
653549;131;-99;11;20.975651;51.979362;1767;146;83657.16;60
658549;132;-109;11;20.976603;51.979061;1778;145;83564.39;60
663549;133;-94;11;20.977514;51.978722;1786;144;83473.87;60
668548;134;-92;11;20.978413;51.978363;1795;143;83384.72;61
673549;135;-94;11;20.979311;51.978031;1802;142;83294.36;61
678549;136;-94;11;20.980265;51.977692;1808;141;83207.66;61
683549;137;-106;10;20.981163;51.977333;1814;140;83120.64;61
688549;138;-92;10;20.982094;51.976978;1821;139;83034.88;61
693549;139;-94;11;20.982981;51.976627;1827;139;82949.80;61
698549;140;-95;11;20.983912;51.976299;1834;138;82863.44;59
703549;141;-100;11;20.984858;51.975945;1842;137;82780.84;61
708551;142;-99;11;20.985817;51.975601;1849;137;82697.88;58
713552;143;-93;11;20.986753;51.975220;1859;136;82616.43;61
718552;144;-95;11;20.987738;51.974876;1865;136;82534.44;61
723553;145;-95;11;20.988644;51.974548;1872;135;82452.59;61
728554;146;-95;11;20.989559;51.974194;1881;134;82372.78;61
733554;147;-100;11;20.990532;51.973843;1892;133;82293.64;62
738555;148;-111;10;20.991493;51.973488;1899;133;82214.95;63
743556;149;-102;11;20.992386;51.973106;1906;132;82135.15;63
748556;150;-110;11;20.993299;51.972733;1914;131;82054.55;63
753557;151;-109;11;20.994209;51.972363;1921;130;81973.70;63
758559;152;-103;10;20.995146;51.972004;1929;129;81893.25;62
763560;153;-100;11;20.996029;51.971672;1936;128;81815.47;62
768561;154;-101;11;20.996929;51.971313;1942;128;81738.16;61
773562;155;-109;11;20.997828;51.970959;1949;127;81660.77;61
778563;156;-103;10;20.998705;51.970612;1956;126;81582.80;61
783564;157;-107;11;20.999622;51.970295;1966;125;81503.16;61
788565;158;-108;11;21.000496;51.969910;1975;125;81422.57;61
793567;159;-98;11;21.001406;51.969570;1984;124;81341.17;61
798568;160;-108;10;21.002308;51.969227;1993;123;81260.17;61
803569;161;-100;11;21.003216;51.968872;2002;123;81177.84;61
808571;162;-101;11;21.004097;51.968544;2011;122;81094.27;60
813572;163;-102;10;21.004940;51.968166;2021;121;81011.83;59
818573;164;-103;11;21.005850;51.967796;2031;120;80920.11;58
823575;165;-93;11;21.006712;51.967422;2041;119;80838.70;58
828576;166;-90;11;21.007540;51.967087;2049;119;80758.77;59
833578;167;-94;11;21.008366;51.966728;2057;118;80678.86;59
838579;168;-100;11;21.009224;51.966381;2065;117;80597.67;59
843581;169;-95;10;21.010014;51.966026;2073;117;80517.33;59
848582;170;-92;11;21.010828;51.965672;2081;116;80436.91;57
853583;171;-93;11;21.011650;51.965328;2088;116;80357.47;59
858584;172;-92;11;21.012487;51.965004;2096;115;80278.86;57
863586;173;-108;11;21.013334;51.964680;2103;114;80200.22;57
868587;174;-103;10;21.014168;51.964344;2111;113;80121.75;57
873588;175;-108;10;21.015007;51.964016;2120;113;80042.44;57
878589;176;-97;11;21.015829;51.963684;2127;112;79962.34;57
883590;177;-102;11;21.016657;51.963348;2135;111;79882.92;56
888591;178;-96;11;21.017473;51.963020;2142;110;79803.84;56
893592;179;-88;11;21.018290;51.962696;2149;109;79724.57;57
898593;180;-99;11;21.019087;51.962372;2156;108;79645.00;57
903594;181;-110;11;21.019918;51.962032;2163;108;79566.02;56
908595;182;-100;11;21.020737;51.961704;2170;107;79487.53;56
913596;183;-100;11;21.021576;51.961369;2176;106;79407.66;57
918597;184;-102;11;21.022400;51.961010;2184;105;79327.92;58
923598;185;-98;11;21.023262;51.960667;2193;104;79246.39;58
928599;186;-95;11;21.024122;51.960331;2202;104;79163.32;58
933600;187;-99;10;21.024969;51.959984;2213;103;79079.81;58
938601;188;-103;11;21.025808;51.959648;2224;102;78996.98;58
943603;189;-101;11;21.026699;51.959320;2236;101;78910.90;58
948604;190;-102;11;21.027569;51.958992;2245;101;78827.50;58
953605;191;-109;11;21.028419;51.958672;2255;100;78744.20;58
958606;192;-102;11;21.029287;51.958366;2265;99;78661.80;58
963607;193;-109;11;21.030107;51.958019;2273;98;78573.41;58
968608;194;-94;11;21.030989;51.957706;2281;98;78490.42;58
973609;195;-98;11;21.031853;51.957382;2290;97;78406.72;57
978611;196;-95;11;21.032763;51.957062;2298;96;78324.54;57
983612;197;-104;11;21.033613;51.956703;2308;95;78241.40;54
988613;198;-92;11;21.034496;51.956348;2315;95;78160.23;56
993615;199;-95;11;21.035364;51.956047;2324;94;78078.50;54
998616;200;-94;11;21.036242;51.955715;2333;93;77996.41;51
1003618;201;-96;11;21.037148;51.955391;2340;92;77915.03;52
1008620;202;-101;10;21.037996;51.955093;2351;92;77834.67;50
1013621;203;-99;11;21.038931;51.954815;2358;91;77754.04;49
1018622;204;-103;11;21.039829;51.954536;2367;91;77672.58;49
1023623;205;-99;11;21.040728;51.954231;2375;90;77593.80;49
1028625;206;-102;10;21.041653;51.953957;2382;90;77514.53;49
1033626;207;-90;11;21.042532;51.953671;2387;90;77436.08;47
1038627;208;-106;11;21.043484;51.953335;2394;89;77348.89;46
1043629;209;-94;11;21.044453;51.952988;2401;89;77272.48;46
1048630;210;-99;11;21.045403;51.952663;2407;88;77196.91;46
1053632;211;-110;11;21.046350;51.952312;2413;88;77122.83;46
1058634;212;-100;11;21.047308;51.951950;2418;87;77048.25;47
1063635;213;-101;11;21.048275;51.951611;2422;87;76976.35;47
1068637;214;-109;11;21.049278;51.951263;2427;87;76906.60;46
1073639;215;-106;11;21.050232;51.950916;2431;87;76833.73;46
1078640;216;-106;11;21.051188;51.950565;2436;86;76766.81;46
1083641;217;-102;11;21.052135;51.950172;2440;86;76699.76;45
1088643;218;-97;11;21.053087;51.949802;2448;86;76633.83;44
1093644;219;-107;10;21.054068;51.949379;2456;86;76568.58;44
1098645;220;-95;11;21.055054;51.948944;2464;85;76503.33;42
1103647;221;-106;10;21.056236;51.948425;2474;85;76438.27;41
1108648;222;-92;11;21.057045;51.948048;2480;85;76374.02;39
1113650;223;-99;11;21.057978;51.947567;2486;85;76310.47;37
1118652;224;-95;10;21.058933;51.947063;2492;85;76245.92;36
1123654;225;-91;11;21.059872;51.946552;2498;85;76182.17;35
1128655;226;-104;9;21.061001;51.945984;2505;85;76119.61;34
1133657;227;-96;10;21.061775;51.945614;2510;85;76055.88;33
1138659;228;-98;11;21.062765;51.945145;2515;85;75991.64;32
1143660;229;-103;10;21.064007;51.944572;2520;85;75927.75;31
1148662;230;-95;11;21.064857;51.944195;2524;85;75863.21;30
1153664;231;-96;10;21.065889;51.943699;2531;85;75797.00;28
1158665;232;-98;10;21.067175;51.943085;2539;85;75730.83;27
1163667;233;-97;10;21.068245;51.942554;2547;85;75664.28;26
1168669;234;-106;12;21.069044;51.942158;2550;85;75594.93;25
1173671;235;-93;11;21.070063;51.941643;2559;85;75525.58;24
1178673;236;-100;12;21.071108;51.941132;2570;85;75455.56;24
1183675;237;-100;12;21.072147;51.940639;2586;86;75384.39;21
1188677;238;-100;12;21.073172;51.940128;2595;86;75312.39;23
1193680;239;-104;11;21.074444;51.939507;2606;86;75240.55;23
1198682;240;-104;12;21.075279;51.939095;2612;86;75168.05;23
1203685;241;-102;12;21.076345;51.938580;2621;86;75094.58;23
1208687;242;-103;11;21.077400;51.938076;2631;86;75020.12;23
1213689;243;-100;12;21.078510;51.937576;2638;86;74946.30;23
1218691;244;-100;11;21.079554;51.937077;2649;86;74871.48;23
1223694;245;-100;11;21.080662;51.936562;2653;86;74796.00;23
1228696;246;-100;10;21.082048;51.936016;2660;87;74720.19;23
1233698;247;-104;11;21.083164;51.935493;2667;87;74644.88;23
1238700;248;-98;11;21.084023;51.935081;2674;87;74570.42;22
1243702;249;-98;11;21.085165;51.934662;2689;87;74494.48;20
1248704;250;-94;11;21.086529;51.934147;2701;87;74405.96;22
1253706;251;-97;10;21.087658;51.933701;2709;87;74330.50;22
1258708;252;-107;11;21.088604;51.933353;2714;87;74255.69;22
1263709;253;-99;12;21.089722;51.932896;2722;87;74181.56;22
1268711;254;-102;11;21.090916;51.932491;2726;87;74106.97;22
1273712;255;-99;11;21.092358;51.931988;2737;87;74033.73;22
1278714;256;-105;11;21.093536;51.931561;2742;87;73960.34;22
1283716;257;-109;11;21.094807;51.931160;2751;87;73887.94;22
1288717;258;-101;11;21.095755;51.930843;2758;87;73816.09;23
1293719;259;-99;12;21.096966;51.930428;2764;87;73744.25;22
1298720;260;-101;10;21.098463;51.929977;2775;87;73671.77;22
1303722;261;-99;11;21.099430;51.929626;2781;87;73599.70;22
1308723;262;-100;12;21.100672;51.929218;2788;87;73528.60;23
1313725;263;-92;12;21.102142;51.928726;2796;87;73458.45;23
1318726;264;-95;11;21.103405;51.928307;2803;87;73389.66;22
1323728;265;-105;11;21.104383;51.927982;2810;87;73321.06;22
1328729;266;-101;11;21.105862;51.927483;2816;86;73253.66;22
1333731;267;-100;12;21.107071;51.927029;2822;86;73188.13;22
1338732;268;-94;12;21.108240;51.926594;2825;86;73123.07;22
1343734;269;-104;12;21.109518;51.926163;2827;86;73059.07;22
1348736;270;-99;12;21.110760;51.925739;2833;85;72996.27;22
1353738;271;-95;12;21.111759;51.925430;2839;85;72933.62;22
1358741;272;-104;11;21.113247;51.924927;2846;84;72871.50;22
1363743;273;-95;12;21.114492;51.924492;2852;84;72810.70;22
1368745;274;-108;12;21.115751;51.924072;2858;84;72750.37;22
1373748;275;-96;12;21.117046;51.923691;2865;83;72690.84;22
1378750;276;-96;12;21.118349;51.923290;2869;83;72632.22;22
1383753;277;-99;12;21.119614;51.922894;2875;83;72573.52;21
1388755;278;-91;12;21.120871;51.922474;2878;82;72516.59;22
1393758;279;-99;12;21.122221;51.922077;2883;82;72459.12;19
1398761;280;-106;12;21.123499;51.921730;2888;82;72404.20;22
1403764;281;-108;12;21.124783;51.921295;2894;82;72348.61;22
1408766;282;-109;12;21.126102;51.920914;2901;82;72291.83;21
1413769;283;-97;12;21.127417;51.920536;2906;82;72236.83;21
1418772;284;-99;12;21.128735;51.920113;2911;82;72183.19;21
1423774;285;-96;12;21.130077;51.919697;2915;82;72129.08;21
1428776;286;-107;12;21.131414;51.919312;2922;82;72074.89;21
1433778;287;-98;11;21.132483;51.919003;2926;82;72021.91;21
1438780;288;-96;11;21.134109;51.918571;2936;82;71968.41;21
1443781;289;-95;11;21.135403;51.918179;2938;82;71914.95;21
1448784;290;-99;12;21.136744;51.917763;2942;82;71862.58;21
1453786;291;-95;12;21.138037;51.917385;2946;81;71809.28;21
1458789;292;-101;12;21.139311;51.917027;2955;81;71755.98;21
1463791;293;-98;12;21.140585;51.916622;2961;81;71703.25;20
1468793;294;-97;12;21.141895;51.916298;2970;81;71649.13;20
1473796;295;-94;12;21.143234;51.915878;2978;81;71594.91;20
1478798;296;-98;12;21.144480;51.915455;2983;81;71532.98;20
1483801;297;-98;10;21.145823;51.915077;2989;80;71478.91;20
1488803;298;-110;11;21.147095;51.914677;2993;80;71424.64;20
1493806;299;-98;11;21.148397;51.914257;2997;80;71370.00;20
1498809;300;-99;12;21.149696;51.913872;3005;79;71315.48;20
1503812;301;-106;11;21.150961;51.913395;3010;79;71259.66;20
1508815;302;-101;12;21.152264;51.913021;3015;79;71204.16;20
1513818;303;-103;12;21.153536;51.912628;3023;79;71147.25;21
1518821;304;-102;12;21.154783;51.912193;3034;79;71089.36;21
1523824;305;-101;12;21.156052;51.911804;3043;78;71030.25;21
1528827;306;-100;11;21.157295;51.911369;3052;78;70971.28;21
1533829;307;-106;11;21.158552;51.910934;3059;78;70910.67;21
1538832;308;-100;10;21.159782;51.910465;3066;78;70850.12;21
1543834;309;-102;12;21.161066;51.910099;3078;78;70787.59;21
1548837;310;-121;11;21.162268;51.909660;3088;78;70724.11;21
1553839;311;-120;10;21.163530;51.909222;3097;78;70658.16;21
1558841;312;-118;11;21.164774;51.908791;3106;78;70591.48;21
1563843;313;-115;10;21.166006;51.908363;3119;78;70522.84;21
1568845;314;-110;12;21.167233;51.907864;3129;77;70453.98;21
1573847;315;-100;11;21.168449;51.907398;3137;77;70382.45;19
1578849;316;-110;12;21.169762;51.906975;3149;76;70310.47;21
1583850;317;-105;12;21.171021;51.906513;3170;76;70237.00;21
1588853;318;-107;12;21.172300;51.906040;3182;75;70162.53;21
1593854;319;-98;11;21.173643;51.905628;3189;75;70086.26;21
1598856;320;-116;11;21.174866;51.905098;3201;74;70009.87;21
1603858;321;-117;12;21.176151;51.904602;3211;74;69930.81;21
1608859;322;-109;12;21.177444;51.904140;3220;73;69850.11;21
1613861;323;-107;11;21.178764;51.903652;3232;73;69767.44;21
1618862;324;-111;12;21.180120;51.903214;3248;73;69684.12;22
1623864;325;-106;12;21.181492;51.902725;3261;72;69598.38;24
1628865;326;-117;11;21.182840;51.902287;3280;72;69510.64;27
1633866;327;-99;12;21.184248;51.901825;3288;71;69421.95;29
1638867;328;-97;12;21.185591;51.901409;3302;70;69332.58;30
1643868;329;-106;11;21.186964;51.900963;3315;70;69240.93;31
1648869;330;-104;11;21.188339;51.900536;3325;69;69147.87;30
1653871;331;-105;11;21.189701;51.900074;3336;69;69054.53;33
1658872;332;-110;12;21.191074;51.899628;3347;69;68958.44;34
1663874;333;-97;12;21.192461;51.899216;3360;68;68861.06;35
1668875;334;-98;12;21.193886;51.898808;3380;68;68763.31;36
1673876;335;-104;12;21.195257;51.898392;3396;68;68659.81;36
1678878;336;-101;12;21.196623;51.897995;3408;67;68558.62;34
1683879;337;-103;11;21.198053;51.897591;3422;67;68458.29;38
1688880;338;-109;11;21.199461;51.897194;3431;66;68356.80;39
1693882;339;-96;12;21.200832;51.896774;3447;66;68254.91;39
1698883;340;-101;12;21.202208;51.896362;3460;66;68152.02;39
1703884;341;-107;11;21.203634;51.895947;3477;65;68048.31;39
1708885;342;-106;12;21.205051;51.895569;3488;65;67944.83;40
1713886;343;-98;12;21.206411;51.895145;3505;65;67840.68;41
1718887;344;-111;12;21.207848;51.894714;3516;64;67736.16;41
1723888;345;-97;12;21.209303;51.894299;3528;63;67631.82;42
1728890;346;-105;12;21.210724;51.893875;3543;63;67526.23;42
1733891;347;-107;12;21.212179;51.893436;3555;62;67420.19;40
1738892;348;-103;12;21.213625;51.892994;3570;61;67314.22;38
1743893;349;-109;12;21.215040;51.892582;3582;61;67199.95;37
1748894;350;-97;12;21.216425;51.892170;3593;61;67090.83;34
1753895;351;-98;12;21.217878;51.891735;3607;60;66985.41;35
1758896;352;-103;12;21.219353;51.891335;3620;60;66879.52;34
1763897;353;-97;12;21.220810;51.890953;3631;60;66775.00;34
1768898;354;-103;11;21.222240;51.890530;3639;59;66671.23;34
1773900;355;-99;11;21.223736;51.890144;3649;59;66568.14;34
1778900;356;-102;11;21.225233;51.889771;3659;58;66465.80;34
1783901;357;-112;11;21.226665;51.889381;3668;58;66363.99;34
1788902;358;-104;11;21.228127;51.889000;3677;57;66262.59;34
1793903;359;-112;11;21.229601;51.888622;3685;56;66162.47;34
1798904;360;-90;11;21.231039;51.888248;3695;56;66062.81;34
1803905;361;-96;11;21.232517;51.887875;3704;55;65963.91;35
1808907;362;-101;11;21.233967;51.887493;3713;54;65865.68;35
1813907;363;-100;11;21.235407;51.887108;3722;54;65768.48;35
1818908;364;-98;11;21.236868;51.886810;3735;53;65662.73;35
1823909;365;-109;11;21.238325;51.886456;3745;53;65568.11;34
1828910;366;-104;11;21.239798;51.886093;3754;52;65473.97;35
1833911;367;-112;11;21.241255;51.885723;3766;51;65381.28;35
1838912;368;-112;11;21.242708;51.885361;3775;50;65288.55;35
1843913;369;-117;11;21.244173;51.885025;3787;50;65197.85;35
1848914;370;-121;11;21.245630;51.884651;3797;49;65107.36;34
1853914;371;-111;11;21.247082;51.884281;3807;48;65017.39;33
1858915;372;-108;11;21.248528;51.883923;3818;48;64927.61;32
1863916;373;-103;11;21.249973;51.883537;3827;47;64838.89;32
1868917;374;-108;11;21.251444;51.883152;3836;46;64751.43;31
1873918;375;-104;11;21.252960;51.882778;3845;46;64664.25;30
1878919;376;-103;11;21.254396;51.882374;3855;45;64577.76;30
1883920;377;-110;10;21.255871;51.881973;3863;44;64492.31;29
1888922;378;-113;11;21.257324;51.881550;3873;43;64408.38;28
1893923;379;-104;10;21.258831;51.881176;3884;43;64324.15;27
1898923;380;-106;10;21.260284;51.880745;3892;42;64242.02;26
1903927;381;-106;11;21.261826;51.880314;3901;42;64159.95;25
1908929;382;-110;10;21.263327;51.879925;3910;41;64078.94;24
1913931;383;-114;10;21.264856;51.879513;3915;41;63998.97;23
1918933;384;-104;10;21.266436;51.879124;3922;40;63919.80;22
1923935;385;-115;11;21.267935;51.878708;3927;40;63840.99;22
1928937;386;-107;10;21.269464;51.878311;3932;40;63762.21;21
1933939;387;-117;10;21.270973;51.877903;3937;39;63681.66;21
1938941;388;-102;10;21.272461;51.877502;3945;39;63605.30;20
1943943;389;-108;11;21.273933;51.877113;3954;39;63530.15;20
1948945;390;-113;11;21.275406;51.876713;3962;38;63456.25;20
1953947;391;-103;10;21.276894;51.876320;3971;38;63383.03;19
1958948;392;-103;11;21.278364;51.875923;3979;38;63310.68;19
1963950;393;-116;10;21.279812;51.875546;3986;37;63238.93;19
1968951;394;-120;10;21.281273;51.875183;3994;37;63167.00;15
1973952;395;-121;10;21.282740;51.874767;4001;37;63095.14;16
1978954;396;-122;10;21.284206;51.874363;4010;36;63026.86;18
1983955;397;-114;11;21.285707;51.873989;4022;36;62960.08;18
1988956;398;-102;11;21.287161;51.873562;4034;36;62894.66;17
1993957;399;-112;11;21.288624;51.873184;4044;35;62829.30;17
1998958;400;-119;11;21.290054;51.872753;4053;35;62764.81;17
2003959;401;-100;11;21.291483;51.872326;4061;35;62701.70;17
2008960;402;-112;10;21.292921;51.871902;4067;35;62638.56;17
2013961;403;-114;11;21.294386;51.871479;4071;34;62575.62;17
2018962;404;-118;11;21.295900;51.871082;4078;34;62513.88;16
2023964;405;-111;11;21.297392;51.870670;4084;34;62452.05;16
2028965;406;-112;11;21.298859;51.870239;4092;34;62377.18;16
2033967;407;-121;10;21.300352;51.869801;4100;34;62318.02;16
2038966;408;-112;11;21.301847;51.869385;4107;33;62259.74;16
2043969;409;-116;11;21.303350;51.868965;4114;33;62201.41;16
2048970;410;-114;10;21.304853;51.868519;4123;32;62143.46;16
2053972;411;-117;11;21.306353;51.868065;4132;32;62085.37;16
2058973;412;-101;11;21.307846;51.867569;4139;32;62028.11;16
2063975;413;-119;11;21.309343;51.867085;4145;31;61971.97;16
2068976;414;-100;11;21.310806;51.866604;4152;31;61914.94;16
2073977;415;-110;9;21.312309;51.866081;4155;31;61858.66;16
2078979;416;-97;11;21.313847;51.865612;4162;31;61801.55;17
2083980;417;-101;11;21.315367;51.865154;4168;31;61744.39;17
2088982;418;-112;11;21.316893;51.864685;4173;31;61686.77;17
2093983;419;-107;11;21.318455;51.864239;4179;31;61629.73;17
2098985;420;-113;11;21.320023;51.863773;4186;31;61566.30;17
2103986;421;-102;11;21.321602;51.863304;4192;31;61509.16;18
2108988;422;-105;11;21.323179;51.862850;4198;32;61452.59;18
2113989;423;-101;11;21.324772;51.862408;4202;32;61395.15;18
2118991;424;-109;11;21.326384;51.861958;4210;32;61337.37;18
2123992;425;-104;11;21.327963;51.861511;4216;32;61279.35;18
2128993;426;-114;9;21.329571;51.861065;4224;31;61221.52;17
2133994;427;-106;9;21.331171;51.860615;4233;31;61163.73;18
2138995;428;-103;10;21.332779;51.860191;4241;31;61106.25;18
2143996;429;-113;10;21.334352;51.859745;4248;31;61048.80;18
2148997;430;-117;11;21.335930;51.859322;4256;30;60990.99;18
2153998;431;-110;10;21.337538;51.858871;4264;30;60932.29;17
2158999;432;-109;11;21.339115;51.858456;4272;30;60875.73;17
2163999;433;-120;10;21.340714;51.858044;4281;30;60818.45;17
2169000;434;-110;10;21.342318;51.857605;4291;29;60760.44;17
2174001;435;-114;11;21.343870;51.857185;4301;29;60702.18;17
2179000;436;-113;11;21.345461;51.856766;4309;29;60644.20;17
2184003;437;-108;11;21.347038;51.856365;4316;29;60585.25;17
2189004;438;-114;10;21.348631;51.855927;4324;29;60526.80;17
2194005;439;-107;11;21.350220;51.855465;4333;29;60466.97;16
2199006;440;-112;11;21.351788;51.855042;4342;28;60408.28;16
2204007;441;-120;10;21.353376;51.854584;4351;28;60349.70;16
2209008;442;-113;11;21.354984;51.854111;4359;28;60291.67;16
2214008;443;-120;11;21.356562;51.853649;4365;28;60233.81;16
2219008;444;-115;11;21.358166;51.853168;4370;28;60176.54;16
2224008;445;-108;11;21.359777;51.852718;4376;28;60118.41;12
2229009;446;-111;11;21.361368;51.852242;4385;27;60060.12;16
2234009;447;-105;11;21.362961;51.851768;4392;27;60002.87;15
2239010;448;-103;9;21.364571;51.851326;4399;27;59944.25;16
2244010;449;-104;8;21.366171;51.850872;4407;27;59886.13;15
2249011;450;-105;10;21.367802;51.850418;4416;27;59828.78;15
2254012;451;-114;9;21.369413;51.849960;4424;27;59771.29;16
2259013;452;-108;9;21.371084;51.849510;4431;27;59714.03;16
2264013;453;-102;9;21.372686;51.849056;4439;26;59656.59;16
2269014;454;-104;10;21.374279;51.848618;4446;26;59590.96;15
2274014;455;-103;9;21.375877;51.848183;4453;26;59534.14;16
2279015;456;-103;9;21.377508;51.847740;4459;26;59477.94;16
2284015;457;-102;10;21.379128;51.847317;4467;26;59422.29;16
2289016;458;-110;10;21.380764;51.846882;4474;25;59366.89;16
2294017;459;-99;10;21.382374;51.846439;4481;25;59308.87;14
2299018;460;-104;10;21.384007;51.846001;4486;25;59253.80;16
2304020;461;-110;9;21.385668;51.845543;4491;25;59198.70;16
2309021;462;-110;9;21.387383;51.845078;4498;25;59145.53;16
2314022;463;-103;9;21.389065;51.844624;4506;24;59078.35;15
2319024;464;-104;10;21.390738;51.844189;4513;24;59025.64;16
2324024;465;-104;10;21.392445;51.843758;4523;24;58972.90;16
2329025;466;-112;10;21.394119;51.843315;4529;24;58920.82;16
2334026;467;-110;10;21.395798;51.842865;4537;24;58868.45;16
2339026;468;-107;10;21.397482;51.842403;4543;24;58806.09;15
2344027;469;-109;10;21.399195;51.841942;4546;24;58754.68;15
2349027;470;-109;10;21.400906;51.841473;4552;24;58695.64;15
2354028;471;-117;10;21.402624;51.840992;4558;23;58644.91;15
2359028;472;-104;10;21.404367;51.840511;4566;23;58594.42;15
2364029;473;-111;10;21.406080;51.840027;4573;24;58543.67;14
2369029;474;-116;10;21.407789;51.839561;4580;24;58492.52;15
2374029;475;-104;10;21.409485;51.839073;4585;23;58439.52;13
2379029;476;-112;10;21.411196;51.838627;4590;23;58390.13;15
2384029;477;-108;10;21.412945;51.838161;4597;23;58333.51;14
2389029;478;-111;9;21.414658;51.837704;4604;23;58285.53;15
2394029;479;-111;10;21.416399;51.837231;4610;23;58237.65;15
2399030;480;-109;10;21.418146;51.836716;4611;22;58189.88;15
2404030;481;-112;10;21.419870;51.836243;4619;22;58141.88;15
2409030;482;-106;10;21.421623;51.835766;4627;22;58094.61;15
2414030;483;-109;10;21.423332;51.835278;4635;21;58046.91;15
2419030;484;-102;10;21.425098;51.834808;4641;21;57999.88;15
2424030;485;-101;9;21.426847;51.834343;4646;21;57952.02;15
2429031;486;-108;10;21.428564;51.833870;4651;21;57904.40;15
2434031;487;-108;10;21.430307;51.833405;4655;21;57856.24;15
2439031;488;-104;10;21.432039;51.832935;4660;21;57808.66;15
2444031;489;-106;10;21.433783;51.832470;4666;21;57760.82;15
2449031;490;-102;9;21.435579;51.831985;4672;20;57711.70;14
2454031;491;-104;10;21.437351;51.831486;4678;20;57661.93;15
2459032;492;-105;10;21.439098;51.830990;4683;20;57612.44;15
2464032;493;-115;10;21.440889;51.830471;4692;20;57562.16;15
2469033;494;-106;10;21.442677;51.829975;4702;20;57511.75;15
2474033;495;-110;10;21.444468;51.829472;4709;20;57460.07;15
2479033;496;-105;10;21.446234;51.828968;4717;20;57408.36;15
2484033;497;-109;9;21.448008;51.828449;4723;20;57355.56;15
2489033;498;-104;9;21.449802;51.827927;4728;20;57291.34;14
2494033;499;-114;10;21.451612;51.827393;4736;20;57239.09;15
2499033;500;-102;10;21.453428;51.826843;4746;19;57185.71;15
2504033;501;-109;10;21.455271;51.826305;4756;19;57132.03;15
2509033;502;-112;10;21.457123;51.825760;4767;19;57076.83;13
2514033;503;-108;10;21.458948;51.825211;4777;19;57021.73;15
2519032;504;-110;10;21.460766;51.824677;4790;18;56966.64;14
2524032;505;-110;10;21.462589;51.824162;4798;18;56911.44;14
2529033;506;-101;10;21.464481;51.823616;4808;17;56855.91;14
2534033;507;-114;10;21.466368;51.823071;4813;17;56799.16;14
2539032;508;-107;10;21.468258;51.822529;4822;16;56742.82;14
2544033;509;-100;10;21.470167;51.821964;4829;15;56684.51;14
2549033;510;-106;10;21.472105;51.821411;4834;15;56627.04;14
2554033;511;-106;10;21.474100;51.820812;4846;14;56568.37;14
2559033;512;-106;10;21.476088;51.820213;4856;14;56509.57;14
2564032;513;-100;10;21.478168;51.819664;4866;13;56450.16;14
2569032;514;-100;9;21.480232;51.819118;4874;13;56388.48;14
2574032;515;-103;9;21.482332;51.818573;4883;12;56326.59;14
2579032;516;-101;9;21.484419;51.818058;4891;12;56263.49;14
2584032;517;-109;8;21.486597;51.817543;4902;12;56199.54;14
2589032;518;-105;10;21.488728;51.816982;4913;11;56133.89;14
2594033;519;-100;10;21.490828;51.816467;4924;11;56067.75;14
2599033;520;-101;9;21.492958;51.815990;4934;11;56000.87;14
2604033;521;-103;10;21.495117;51.815510;4944;10;55933.62;14
2609033;522;-102;10;21.497339;51.815052;4955;10;55863.70;14
2614034;523;-100;10;21.499477;51.814583;4964;10;55794.21;14
2619034;524;-98;10;21.501659;51.814175;4981;9;55723.34;14
2624035;525;-111;10;21.503798;51.813702;4990;9;55652.24;14
2629036;526;-105;9;21.505955;51.813210;4998;10;55579.64;14
2634037;527;-110;10;21.508080;51.812775;5006;10;55507.58;14
2639038;528;-92;9;21.510262;51.812393;5019;10;55435.20;14
2644039;529;-103;10;21.512453;51.811985;5031;10;55363.15;14
2649039;530;-98;10;21.514614;51.811550;5040;9;55291.25;14
2654040;531;-102;10;21.516794;51.811150;5051;9;55220.08;14
2659040;532;-100;10;21.518959;51.810722;5061;9;55149.99;14
2664041;533;-98;10;21.521118;51.810310;5070;9;55079.96;14
2669042;534;-99;9;21.523279;51.809887;5081;9;55009.55;14
2674043;535;-98;10;21.525478;51.809475;5091;9;54939.22;11
2679044;536;-98;9;21.527618;51.809013;5099;9;54870.18;14
2684045;537;-100;9;21.529799;51.808586;5106;8;54801.81;13
2689045;538;-105;10;21.531982;51.808102;5115;8;54733.36;14
2694046;539;-98;10;21.534170;51.807632;5122;8;54666.03;14
2699047;540;-99;8;21.536375;51.807140;5130;8;54599.12;14
2704047;541;-102;10;21.538538;51.806618;5138;8;54534.15;13
2709047;542;-104;10;21.540728;51.806110;5149;8;54468.54;14
2714048;543;-96;10;21.542942;51.805576;5157;8;54403.24;14
2719048;544;-107;10;21.545115;51.805031;5164;8;54340.89;13
2724049;545;-98;10;21.547306;51.804489;5172;8;54278.27;13
2729050;546;-99;9;21.549513;51.803928;5181;8;54216.73;13
2734051;547;-103;10;21.551720;51.803371;5190;8;54156.79;13
2739052;548;-100;10;21.553936;51.802803;5198;8;54097.61;13
2744053;549;-107;10;21.556192;51.802212;5204;8;54039.95;13
2749054;550;-108;10;21.558439;51.801605;5210;8;53983.16;12
2754055;551;-111;9;21.560675;51.801018;5216;8;53926.44;14
2759057;552;-102;10;21.562929;51.800415;5222;8;53863.56;13
2764058;553;-103;10;21.565151;51.799801;5226;8;53809.74;13
2769059;554;-98;8;21.567385;51.799194;5230;8;53757.15;13
2774060;555;-101;9;21.569639;51.798553;5233;8;53706.03;13
2779062;556;-100;10;21.571898;51.797901;5237;9;53648.32;13
2784063;557;-105;10;21.574160;51.797207;5241;9;53599.86;13
2789065;558;-104;9;21.576437;51.796535;5243;9;53551.98;13
2794066;559;-103;10;21.578733;51.795868;5248;9;53505.18;13
2799067;560;-112;10;21.581053;51.795185;5252;9;53459.45;13
2804068;561;-106;10;21.583366;51.794525;5257;9;53415.39;13
2809070;562;-105;7;21.585669;51.793900;5263;9;53372.51;13
2814071;563;-104;9;21.587944;51.793278;5266;9;53330.32;13
2819072;564;-101;10;21.590269;51.792664;5270;9;53276.63;13
2824073;565;-104;10;21.592556;51.792053;5275;9;53236.61;11
2829073;566;-102;9;21.594896;51.791485;5279;9;53197.38;13
2834074;567;-104;9;21.597200;51.790874;5285;8;53158.28;13
2839076;568;-112;10;21.599491;51.790272;5290;8;53119.03;12
2844078;569;-99;9;21.601814;51.789650;5294;8;53080.58;13
2849080;570;-101;7;21.604128;51.789043;5299;8;53043.04;13
2854082;571;-106;10;21.606441;51.788441;5305;8;53003.46;13
2859085;572;-101;9;21.608801;51.787838;5312;8;52949.85;13
2864088;573;-111;10;21.611122;51.787251;5322;8;52910.91;13
2869092;574;-114;10;21.613436;51.786690;5329;8;52871.07;13
2874096;575;-108;9;21.615759;51.786106;5340;8;52831.10;13
2879101;576;-98;8;21.618128;51.785522;5346;8;52790.83;13
2884106;577;-108;8;21.620455;51.784908;5354;8;52749.67;13
2889111;578;-109;9;21.622826;51.784317;5360;9;52697.04;13
2894117;579;-104;9;21.625200;51.783745;5369;9;52653.25;13
2899123;580;-107;10;21.627522;51.783154;5378;9;52607.80;13
2904129;581;-100;10;21.629885;51.782570;5386;9;52561.27;13
2909135;582;-107;9;21.632257;51.781982;5395;9;52512.80;13
2914142;583;-104;10;21.634649;51.781456;5406;9;52463.07;13
2919149;584;-110;10;21.637035;51.780895;5417;9;52411.74;13
2924156;585;-105;9;21.639402;51.780334;5428;9;52359.39;13
2929163;586;-105;10;21.641796;51.779774;5438;9;52304.89;13
2934170;587;-100;9;21.644184;51.779224;5449;8;52247.33;13
2939177;588;-110;9;21.646612;51.778645;5458;8;52187.25;12
2944184;589;-108;9;21.649033;51.778053;5471;8;52128.94;13
2949191;590;-101;10;21.651459;51.777534;5484;8;52069.20;13
2954198;591;-99;10;21.653963;51.777012;5496;8;52007.79;13
2959204;592;-103;10;21.656374;51.776463;5509;8;51938.50;13
2964210;593;-103;10;21.658800;51.775936;5523;7;51875.80;13
2969215;594;-103;10;21.661322;51.775429;5534;7;51811.31;13
2974220;595;-106;9;21.663738;51.774910;5549;7;51744.93;13
2979225;596;-106;10;21.666267;51.774441;5560;6;51671.05;13
2984229;597;-101;9;21.668673;51.773918;5570;6;51603.21;13
2989233;598;-113;10;21.671194;51.773438;5582;6;51533.84;13
2994237;599;-118;10;21.673677;51.772945;5596;6;51460.18;13
2999241;600;-117;10;21.676226;51.772491;5610;6;51389.64;13
3004245;601;-107;9;21.678743;51.772030;5627;6;51316.49;13
3009249;602;-109;10;21.681261;51.771542;5640;6;51243.10;13
3014252;603;-117;10;21.683794;51.771084;5651;5;51169.12;13
3019256;604;-117;8;21.686348;51.770649;5664;5;51094.47;13
3024259;605;-119;9;21.688953;51.770222;5675;4;51018.93;13
3029262;606;-117;9;21.691498;51.769814;5689;4;50944.15;13
3034266;607;-121;10;21.694052;51.769371;5704;4;50868.54;13
3039270;608;-102;10;21.696657;51.768902;5716;3;50784.14;13
3044274;609;-110;10;21.699202;51.768475;5729;3;50706.92;13
3049279;610;-108;9;21.701784;51.768028;5738;2;50621.60;13
3054283;611;-103;7;21.704309;51.767628;5749;2;50546.48;13
3059287;612;-114;9;21.706888;51.767170;5758;1;50472.00;13
3064292;613;-112;10;21.709461;51.766685;5770;1;50397.63;13
3069296;614;-112;9;21.712084;51.766273;5785;1;50322.59;13
3074299;615;-120;9;21.714661;51.765877;5799;0;50248.86;13
3079302;616;-120;9;21.717262;51.765446;5811;0;50174.12;13
3084306;617;-102;9;21.719912;51.765045;5819;0;50101.34;13
3089309;618;-113;9;21.722538;51.764626;5827;0;50027.61;13
3094312;619;-113;9;21.725182;51.764225;5837;-1;49955.06;13
3099315;620;-104;8;21.727827;51.763798;5847;-1;49882.30;13
3104318;621;-102;8;21.730452;51.763371;5857;-2;49809.96;13
3109321;622;-112;9;21.733105;51.762943;5870;-2;49737.61;13
3114323;623;-107;9;21.735779;51.762489;5880;-3;49665.47;11
3119325;624;-116;9;0.000000;103392155858734665852518400.000000;-24647;-193;49594.35;13
3124328;625;-101;7;21.741129;51.761543;5895;-4;49523.70;13
3129330;626;-115;9;21.743740;51.761093;5905;-4;49454.25;13
3134333;627;-113;8;21.746330;51.760624;5912;-5;49385.07;13
3139335;628;-109;9;21.748922;51.760159;5923;-6;49316.95;13
3144337;629;-107;9;21.751560;51.759666;5932;-6;49249.41;13
3149339;630;-107;9;21.754110;51.759159;5940;-7;49182.50;14
3154342;631;-106;9;21.756714;51.758663;5949;-7;49117.09;14
3159344;632;-106;9;21.759367;51.758141;5959;-8;49039.34;13
3164346;633;-107;9;21.761934;51.757626;5969;-8;48971.28;13
3169348;634;-108;8;21.764551;51.757107;5979;-9;48909.37;14
3174350;635;-102;8;21.767145;51.756565;5987;-9;48847.80;14
3179352;636;-105;9;21.769773;51.756027;6000;-10;48787.60;14
3184353;637;-112;9;21.772394;51.755489;6005;-11;48727.95;14
3189355;638;-102;9;21.774986;51.754910;6014;-11;48669.99;14
3194357;639;-109;9;21.777515;51.754330;6022;-12;48613.38;14
3199358;640;-99;9;21.780102;51.753700;6028;-13;48557.62;14
3204360;641;-116;8;21.782768;51.753090;6035;-13;48502.98;15
3209361;642;-110;9;21.785433;51.752476;6041;-14;48448.76;15
3214363;643;-104;7;21.788168;51.751862;6045;-14;48395.31;16
3219365;644;-106;8;21.790890;51.751266;6049;-15;48342.79;16
3224366;645;-108;8;21.793608;51.750702;6054;-16;48291.18;17
3229367;646;-107;9;21.796404;51.750126;6060;-16;48240.82;17
3234368;647;-110;8;21.799171;51.749523;6065;-17;48190.74;17
3239369;648;-114;9;21.801912;51.748951;6073;-18;48141.25;17
3244370;649;-105;9;21.804688;51.748409;6082;-18;48092.76;18
3249371;650;-104;8;21.807440;51.747860;6088;-19;48040.07;18
3254372;651;-107;8;21.810194;51.747330;6096;-19;47992.56;18
3259372;652;-107;8;21.812935;51.746811;6105;-20;47945.36;18
3264373;653;-99;9;21.815716;51.746284;6111;-20;47898.48;18
3269374;654;-113;9;21.818554;51.745762;6119;-20;47852.70;18
3274375;655;-106;9;21.821270;51.745251;6124;-21;47806.16;18
3279376;656;-112;8;21.824068;51.744755;6130;-21;47760.38;18
3284377;657;-109;9;21.826866;51.744244;6135;-22;47714.34;18
3289378;658;-105;9;21.829666;51.743748;6139;-22;47669.12;18
3294379;659;-113;9;21.832443;51.743210;6145;-22;47624.09;18
3299380;660;-115;8;21.835224;51.742699;6152;-23;47578.86;18
3304382;661;-106;9;21.838024;51.742207;6160;-23;47534.66;19
3309383;662;-104;8;21.840784;51.741718;6168;-23;47489.93;19
4822;1;-107;8;21.849142;51.740265;6192;-24;47352.88;19
9823;2;-111;9;21.851925;51.739780;6200;-24;47307.33;19
14823;3;-105;9;21.854691;51.739277;6210;-25;47262.04;19
19824;4;-111;9;21.857468;51.738811;6219;-25;47212.54;19
24825;5;-110;10;21.860285;51.738327;6228;-25;47168.36;20
29826;6;-104;10;21.863073;51.737820;6236;-25;47123.55;20
34827;7;-103;9;21.865854;51.737331;6243;-25;47078.70;20
39828;8;-106;10;21.868639;51.736805;6252;-25;47032.78;19
44825;9;-108;10;21.871428;51.736305;6260;-26;46988.43;20
49830;10;-119;10;21.874216;51.735806;6267;-26;46943.96;20
54830;11;-110;9;21.877008;51.735302;6276;-26;46899.98;20
59832;12;-109;10;21.879770;51.734806;6283;-27;46855.37;20
64833;13;-103;10;21.882542;51.734318;6292;-27;46811.41;20
69834;14;-109;8;21.885336;51.733829;6301;-28;46767.52;20
74835;15;-107;9;21.888136;51.733330;6308;-28;46722.87;21
79837;16;-107;8;21.890917;51.732826;6317;-29;46678.78;21
84838;17;-107;8;21.893709;51.732327;6325;-29;46635.11;20
89840;18;-107;7;21.896442;51.731827;6334;-30;46590.84;20
94841;19;-118;8;21.899195;51.731327;6343;-30;46547.61;20
99842;20;-109;9;21.901947;51.730793;6349;-31;46502.62;20
104843;21;-107;8;21.904676;51.730286;6355;-31;46454.52;21
109844;22;-110;7;21.907412;51.729767;6362;-31;46410.82;21
114845;23;-107;7;21.910192;51.729229;6371;-32;46365.62;21
119846;24;-109;8;21.912998;51.728706;6380;-32;46320.61;21
124847;25;-106;9;21.915806;51.728153;6385;-33;46274.97;21
129848;26;-112;9;21.918570;51.727627;6392;-33;46225.68;21
134849;27;-108;7;21.921329;51.727108;6399;-34;46180.26;22
139850;28;-107;8;21.924089;51.726570;6408;-34;46133.66;22
144851;29;-117;9;21.926861;51.726036;6416;-35;46087.43;22
149852;30;-111;8;21.929640;51.725513;6424;-35;46039.30;22
154853;31;-108;8;21.932390;51.724998;6432;-36;45991.82;22
159855;32;-106;9;21.935196;51.724510;6441;-36;45942.91;22
164856;33;-114;8;21.937983;51.723995;6450;-36;45893.72;22
169857;34;-109;9;21.940767;51.723507;6459;-36;45843.80;22
174858;35;-106;9;21.943544;51.722992;6467;-37;45794.00;22
179860;36;-116;8;21.946346;51.722488;6476;-37;45743.18;22
184858;37;-110;7;21.949162;51.721989;6485;-38;45691.39;22
189863;38;-109;9;21.951956;51.721489;6494;-38;45639.27;22
194864;39;-114;8;21.954794;51.720959;6501;-38;45587.25;22
199866;40;-109;8;21.957609;51.720444;6509;-38;45534.39;22
204868;41;-104;8;21.960417;51.719948;6518;-39;45477.90;20
209869;42;-107;9;21.963202;51.719425;6528;-39;45423.86;22
214871;43;-105;8;21.965977;51.718975;6534;-39;45368.23;22
219872;44;-106;9;21.968822;51.718475;6540;-39;45311.68;22
224874;45;-102;8;21.971636;51.718002;6548;-40;45255.07;22
229875;46;-107;7;21.974504;51.717503;6556;-40;45197.61;22
234877;47;-109;8;21.977343;51.717041;6570;-41;45125.54;22
239879;48;-106;8;21.980171;51.716583;6583;-41;45069.30;21
244881;49;-113;8;21.983027;51.716103;6594;-42;45012.38;21
249883;50;-110;9;21.985859;51.715645;6605;-43;44954.88;22
254884;51;-113;8;21.988743;51.715176;6615;-43;44896.15;22
259886;52;-116;9;21.991657;51.714718;6625;-44;44837.88;22
264887;53;-107;9;21.994562;51.714275;6638;-44;44778.09;22
269889;54;-108;9;21.997435;51.713772;6649;-45;44718.27;22
274891;55;-114;9;22.000366;51.713314;6659;-45;44658.30;22
279892;56;-105;7;22.003258;51.712856;6670;-46;44597.71;22
284894;57;-117;9;22.006218;51.712410;6680;-47;44537.09;22
289895;58;-109;9;22.009136;51.711933;6689;-47;44475.61;23
294896;59;-111;6;22.012062;51.711475;6701;-48;44414.34;23
299897;60;-105;6;22.015041;51.710953;6712;-49;44353.36;23
304899;61;-116;9;22.018063;51.710464;6722;-49;44292.21;23
309900;62;-108;9;22.021046;51.709972;6734;-50;44230.74;23
314901;63;-113;8;22.024015;51.709503;6745;-51;44169.61;23
319902;64;-108;7;22.027020;51.709064;6755;-51;44108.39;23
324903;65;-113;9;22.030003;51.708584;6768;-52;44046.89;23
329904;66;-108;9;22.033041;51.708118;6779;-52;43985.75;23
334906;67;-111;9;22.036087;51.707657;6794;-53;43925.36;23
339907;68;-112;9;22.039125;51.707222;6803;-53;43866.74;24
344908;69;-106;9;22.042175;51.706764;6812;-54;43806.32;24
349909;70;-113;9;22.045349;51.706394;6820;-54;43746.74;24
354910;71;-106;8;22.048447;51.705940;6829;-55;43686.89;23
364913;72;-108;7;22.054537;51.704998;6845;-55;43569.59;23
369914;73;-113;8;22.057531;51.704464;6856;-56;43511.81;23
374915;74;-113;8;22.060629;51.703957;6865;-57;43455.25;23
379916;75;-112;8;22.063719;51.703518;6875;-57;43399.07;23
384918;76;-117;8;22.066742;51.703037;6884;-58;43343.14;23
389919;77;-116;8;22.069757;51.702606;6894;-58;43286.62;23
394921;78;-118;7;22.072784;51.702137;6901;-59;797495620574916483481600.00;55
399922;79;-110;8;22.075832;51.701687;6909;-59;43179.08;23
404923;80;-119;9;22.078848;51.701199;6916;-60;43125.71;23
409925;81;-107;9;22.081867;51.700680;6925;-60;43073.07;23
414926;82;-118;8;22.084875;51.700153;6932;-61;43021.22;23
419928;83;-112;8;22.087898;51.699615;6941;-61;42970.52;22
424929;84;-118;8;22.090918;51.699032;6949;-62;42907.64;22
429931;85;-106;8;22.093994;51.698448;6959;-62;42855.79;19
434932;86;-115;8;22.097059;51.697884;6967;-63;42805.82;21
439933;87;-109;9;22.100094;51.697304;6975;-63;42757.56;21
444935;88;-113;9;22.103094;51.696724;6982;-64;42709.24;21
449936;89;-117;8;22.106110;51.696159;6985;-64;42661.18;21
454937;90;-118;8;22.109118;51.695557;6988;-65;42598.30;20
459939;91;-120;9;22.112167;51.694981;6994;-65;42551.31;20
464939;92;-114;9;22.115164;51.694416;7000;-65;42504.70;20
469940;93;-115;8;22.118126;51.693813;7004;-65;42458.30;20
474942;94;-109;7;22.121124;51.693245;7011;-65;42412.46;20
479943;95;-119;8;22.124060;51.692623;7020;-66;42366.59;20
484944;96;-115;8;22.127016;51.692039;7033;-66;42320.29;20
1083;1;-107;7;22.132957;51.690830;7057;-67;42229.76;20
6086;2;-116;8;22.135942;51.690231;7068;-68;42185.32;20
11088;3;-101;9;22.138922;51.689621;7077;-69;42139.98;20
16090;4;-110;8;22.141912;51.689018;7087;-70;42095.79;20
21092;5;-113;9;22.144865;51.688393;7097;-70;42050.79;20
26095;6;-116;9;22.147881;51.687748;7106;-71;42006.05;20
31097;7;-115;9;22.150833;51.687107;7110;-72;41960.89;20
36099;8;-107;9;22.153728;51.686489;7116;-72;41916.75;20
41101;9;-115;7;22.156693;51.685867;7122;-73;41871.84;19
46103;10;-112;7;22.159611;51.685249;7127;-74;41826.32;19
51106;11;-114;6;22.162537;51.684624;7133;-74;41781.56;19
56108;12;-111;7;22.165434;51.683983;7141;-75;41736.21;19
61111;13;-114;8;22.168367;51.683357;7151;-75;41689.86;19
66113;14;-110;7;22.171259;51.682720;7160;-75;41643.88;19
71116;15;-113;6;22.174221;51.682091;7170;-76;41597.82;19
76119;16;-107;9;22.177109;51.681507;7186;-77;41551.54;19
81121;17;-113;6;22.180002;51.680878;7194;-77;41505.02;19
86124;18;-110;7;22.183054;51.680214;7203;-78;41457.94;19
91126;19;-111;7;22.186031;51.679592;7211;-79;41411.24;19
96129;20;-115;6;22.188704;51.679070;7219;-79;41363.91;19
101132;21;-110;8;22.191723;51.678497;7227;-80;41315.51;16
106134;22;-114;8;22.194775;51.677944;7237;-80;41268.60;19
111136;23;-110;6;22.197733;51.677410;7247;-81;41220.70;19
116139;24;-114;6;22.200718;51.676872;7257;-82;41173.22;19
121142;25;-110;8;22.203705;51.676346;7266;-82;41125.74;18
126146;26;-110;8;22.206713;51.675827;7274;-83;41078.42;18
131149;27;-112;9;22.209721;51.675285;7283;-83;41030.62;18
136153;28;-109;7;22.212721;51.674736;7292;-84;40982.52;18
141156;29;-108;9;22.215757;51.674191;7301;-84;40935.53;18
146160;30;-115;7;22.218805;51.673645;7310;-85;40887.96;18
151164;31;-105;8;22.221809;51.673077;7319;-86;40839.45;18
156167;32;-110;8;22.224846;51.672535;7327;-86;40791.03;18
161171;33;-111;8;22.227934;51.671989;7336;-87;40741.87;18
166174;34;-111;8;22.230968;51.671452;7342;-88;40693.50;18
171178;35;-114;9;22.233997;51.670925;7351;-88;40645.70;18
176182;36;-112;9;22.237001;51.670364;7356;-88;40598.00;18
181186;37;-112;8;22.240133;51.669804;7357;-88;40548.93;18
186190;38;-110;8;22.242538;51.669518;7343;-89;40509.83;18
191194;39;-113;7;22.246511;51.669022;7329;-92;40513.57;17
196198;40;-109;9;22.249165;51.668480;7249;-97;40555.69;18
201202;41;-112;5;22.251820;51.667316;7012;-101;40633.59;18
206206;42;-109;0;22.251820;51.667316;7012;-106;40744.93;19
211210;43;-113;0;22.251820;51.667316;7012;-111;40887.19;20
216214;44;-107;0;22.251820;51.667316;7012;-115;41058.77;21
221219;45;-112;0;22.251820;51.667316;7012;-119;41258.71;22
231227;46;-114;0;22.251820;51.667316;7012;-126;41732.95;25
236231;47;-115;0;22.251820;51.667316;7012;-128;42004.89;25
241236;48;-113;0;22.251820;51.667316;7012;-130;0.00;106
246240;49;-115;0;22.251820;51.667316;7012;-131;42613.14;26
251244;50;-112;0;22.251820;51.667316;7012;-132;42946.92;26
256249;51;-114;0;22.251820;51.667316;7012;-133;43298.99;26
261254;52;-112;0;22.251820;51.667316;7012;-133;43669.03;25
276268;53;-116;0;22.251820;51.667316;7012;-132;44876.33;22
286276;54;-114;7;22.298189;51.658298;5309;-130;45753.27;20
291281;55;-108;7;22.300144;51.657928;5231;-129;46212.32;20
296286;56;-118;9;22.771034;-833113344.000000;5193;-128;46684.79;19
306296;57;-115;98;22.306000;51.656418;5090;-126;-0.00;6
311302;58;-122;5;22.307636;51.655994;5014;-124;-0.00;30
316307;59;-118;9;22.309311;51.655277;4896;-123;48695.12;18
331322;60;-121;8;22.313660;51.653976;4615;-118;50314.90;18
341332;61;-121;9;22.316870;51.653053;4440;-113;51441.35;18
346337;62;-117;9;22.318298;51.652641;4344;-111;52017.65;18
351342;63;-122;9;22.319893;51.652191;4216;-108;52602.86;18
356347;64;-113;9;22.321499;51.651970;4104;-106;53195.88;18
361352;65;-120;9;22.322920;51.651772;3990;-103;53797.66;18
366357;66;-116;9;22.324226;51.651573;3856;-101;54407.71;23
371362;67;-120;9;22.325705;51.651268;3730;-98;55025.84;30
376368;68;-123;9;22.327185;51.650963;3619;-95;43362.54;36
381373;69;-120;9;22.328661;51.650661;3517;-92;56282.90;40
396387;70;-120;9;22.332821;51.649639;3236;30638;3823485184.00;51
401392;71;-117;9;22.334103;51.649227;3145;-79;58880.46;53
406396;72;-119;9;22.335308;51.648834;3052;-75;59546.41;50
411400;73;-116;9;8.168240;51.648453;2965;-247;60217.22;41
416404;74;-118;9;22.337677;51.648067;2872;-67;60894.35;36
426411;75;-121;9;22.340088;51.647270;2702;-59;62265.96;30
431415;76;-110;9;22.341255;51.646870;2619;-55;62959.34;28
436418;77;-121;9;22.336521;3.727902;2533;-51;63658.07;27
441422;78;-121;9;22.343451;51.646011;2447;-47;64362.04;27
451429;79;-120;9;22.345547;51.645187;2277;-39;65785.73;28
456431;80;-119;9;23.221249;3225.269531;2186;-35;66506.85;42
461437;81;-119;9;22.347603;51.644535;2103;-31;67233.81;68
471445;82;-124;9;-1612253998415014736774817644544.000000;51.644009;5129;25158;2118519296.00;100
476448;83;-118;9;22.350470;51.643780;1857;-21;69444.12;100
486456;84;-117;-21;-412328823102510202880.000000;51.643246;10034;-3222;-527323938753354470845841408.00;-122
501467;85;-118;10;22.355234;51.642239;1540;-2;73216.87;100
511474;86;-120;-122;22.356899;51.641369;1503;-9722;-1376809697251688448.00;103
